,date,value
0,2016-01-01,0.0
1,2016-01-02,0.009252861831786923
2,2016-01-03,0.000521694866065623
3,2016-01-04,0.0
4,2016-01-05,0.004001978996929428
5,2016-01-06,0.2313388455948684
6,2016-01-07,0.006991576302167734
7,2016-01-08,0.07416992688693479
8,2016-01-09,0.054739487224018016
9,2016-01-10,0.2254847330993341
10,2016-01-11,0.010869268084700812
11,2016-01-12,0.0
12,2016-01-13,0.010869268084700812
13,2016-01-14,0.0
14,2016-01-15,0.00977328624042639
15,2016-01-16,0.0
16,2016-01-17,0.0
17,2016-01-18,0.0005747485929831738
18,2016-01-19,0.0
19,2016-01-20,0.0
20,2016-01-21,0.0
21,2016-01-22,0.0
22,2016-01-23,0.0
23,2016-01-24,0.0
24,2016-01-25,0.0
25,2016-01-26,0.016222134606059577
26,2016-01-27,0.0
27,2016-01-28,0.0
28,2016-01-29,0.0
29,2016-01-30,0.0
30,2016-01-31,0.0
31,2016-02-01,0.0
32,2016-02-02,0.0
33,2016-02-03,0.0
34,2016-02-04,0.0
35,2016-02-05,0.002471590925410533
36,2016-02-06,0.0
37,2016-02-07,0.006346205808835071
38,2016-02-08,0.0
39,2016-02-09,0.0
40,2016-02-10,0.0
41,2016-02-11,0.0
42,2016-02-12,0.0
43,2016-02-13,0.0
44,2016-02-14,0.0
45,2016-02-15,0.0
46,2016-02-16,1.9254960512720044e-08
47,2016-02-17,0.0
48,2016-02-18,0.000963261197663308
49,2016-02-19,0.026567116699794856
50,2016-02-20,0.012757646556935856
51,2016-02-21,0.004504230944968827
52,2016-02-22,0.0
53,2016-02-23,0.0006659831536203846
54,2016-02-24,0.0003141931534589408
55,2016-02-25,0.009434815192915686
56,2016-02-26,0.1279658376097046
57,2016-02-27,0.00026494842261584557
58,2016-02-28,0.30239191674540833
59,2016-02-29,3.056206699051056
60,2016-03-01,3.4262953636383777
61,2016-03-02,0.5633771199793245
62,2016-03-03,0.4536284540936409
63,2016-03-04,0.6680839874424315
64,2016-03-05,0.006241320057314984
65,2016-03-06,0.003088749730245053
66,2016-03-07,0.007638484903772355
67,2016-03-08,0.0
68,2016-03-09,0.0
69,2016-03-10,7.565890311174186e-05
70,2016-03-11,0.0
71,2016-03-12,0.000985567220327111
72,2016-03-13,0.0
73,2016-03-14,0.0
74,2016-03-15,0.0
75,2016-03-16,0.0
76,2016-03-17,0.05299732924340328
77,2016-03-18,0.0
78,2016-03-19,0.0
79,2016-03-20,0.0
80,2016-03-21,0.0001358693092831757
81,2016-03-22,0.0
82,2016-03-23,0.0
83,2016-03-24,0.0
84,2016-03-25,0.11167588606126316
85,2016-03-26,0.040511348943176415
86,2016-03-27,2.855170311317811
87,2016-03-28,0.000658493485563229
88,2016-03-29,0.21314880112528428
89,2016-03-30,0.0029904550400171913
90,2016-03-31,0.005891818483447752
91,2016-04-01,0.0017635368366320917
92,2016-04-02,0.01184983381471095
93,2016-04-03,0.0
94,2016-04-04,0.006492946607683773
95,2016-04-05,0.15442443197948993
96,2016-04-06,0.39738792999424266
97,2016-04-07,0.0
98,2016-04-08,0.02423647864489794
99,2016-04-09,0.029590031564559117
100,2016-04-10,7.179284750961345e-05
101,2016-04-11,0.0
102,2016-04-12,0.0
103,2016-04-13,3.2876204686754345e-09
104,2016-04-14,0.0
105,2016-04-15,0.0
106,2016-04-16,0.0
107,2016-04-17,0.0
108,2016-04-18,0.006823962144112974
109,2016-04-19,2.1030428050997725
110,2016-04-20,0.7460654755668592
111,2016-04-21,0.0
112,2016-04-22,0.0
113,2016-04-23,0.0
114,2016-04-24,0.0028665877407616476
115,2016-04-25,0.0
116,2016-04-26,0.0
117,2016-04-27,0.0
118,2016-04-28,0.0003565314391711105
119,2016-04-29,0.0007664558777408306
120,2016-04-30,0.0
121,2016-05-01,7.53358033477278e-05
122,2016-05-02,0.002458304568293752
123,2016-05-03,0.002309634876202965
124,2016-05-04,0.0028776563588740686
125,2016-05-05,0.17657134284224846
126,2016-05-06,0.0
127,2016-05-07,0.010938857856794163
128,2016-05-08,0.5282645594886668
129,2016-05-09,6.619682489449016
130,2016-05-10,0.2896230579782267
131,2016-05-11,8.691584483380513
132,2016-05-12,0.08753046158905335
133,2016-05-13,1.916037610041897
134,2016-05-14,0.1025355889083646
135,2016-05-15,0.0018614260329196607
136,2016-05-16,0.006887719132648604
137,2016-05-17,0.19390626653691856
138,2016-05-18,0.6441291288947905
139,2016-05-19,0.5762918683144332
140,2016-05-20,0.00043861964713691134
141,2016-05-21,0.0
142,2016-05-22,0.0
143,2016-05-23,0.0
144,2016-05-24,0.0014291478725749378
145,2016-05-25,0.0
146,2016-05-26,5.578793143898354e-07
147,2016-05-27,0.01980439067481627
148,2016-05-28,0.0
149,2016-05-29,0.0
150,2016-05-30,0.0
151,2016-05-31,0.6349643642489958
152,2016-06-01,0.19875695486646805
153,2016-06-02,12.522181351258801
154,2016-06-03,31.391714286116933
155,2016-06-04,90.68114444235478
156,2016-06-05,15.630116957585113
157,2016-06-06,4.282994134282912
158,2016-06-07,0.147538600249676
159,2016-06-08,5.785903578837675
160,2016-06-09,5.627166335336136
161,2016-06-10,1.6933813366044936
162,2016-06-11,0.6389227597520116
163,2016-06-12,0.0017332094086150549
164,2016-06-13,0.04528837245411018
165,2016-06-14,0.0
166,2016-06-15,0.00015818232807709062
167,2016-06-16,0.0
168,2016-06-17,0.22605298542348168
169,2016-06-18,10.610029880010933
170,2016-06-19,47.029613153293894
171,2016-06-20,10.213807788389436
172,2016-06-21,8.315957412722744
173,2016-06-22,0.28148004516901143
174,2016-06-23,21.772938093181725
175,2016-06-24,12.009375747629674
176,2016-06-25,21.664883231943094
177,2016-06-26,11.83658848351737
178,2016-06-27,3.3139832737774033
179,2016-06-28,20.55164962916317
180,2016-06-29,7.288738204386393
181,2016-06-30,16.457040958883024
182,2016-07-01,35.89658877489306
183,2016-07-02,107.0933676955943
184,2016-07-03,121.12312113169764
185,2016-07-04,43.1634337119978
186,2016-07-05,43.290035249553895
187,2016-07-06,7.715215964439343
188,2016-07-07,3.204670837788353
189,2016-07-08,24.511558501350816
190,2016-07-09,77.08292381601792
191,2016-07-10,142.35868087712063
192,2016-07-11,100.77148307260123
193,2016-07-12,7.34392265476468
194,2016-07-13,0.8095276654672444
195,2016-07-14,0.5918845004886751
196,2016-07-15,0.07664044448469556
197,2016-07-16,0.22228169665576344
198,2016-07-17,3.277533698978
199,2016-07-18,38.07223636899608
200,2016-07-19,28.838755624856116
201,2016-07-20,3.1085349043066364
202,2016-07-21,13.717029697360418
203,2016-07-22,83.39013400972593
204,2016-07-23,9.826142950404517
205,2016-07-24,14.065873043333974
206,2016-07-25,23.362039690979294
207,2016-07-26,55.43102345160433
208,2016-07-27,9.41707242545564
209,2016-07-28,9.184150622571389
210,2016-07-29,3.5870494334131684
211,2016-07-30,8.044968031849862
212,2016-07-31,38.54348784032538
213,2016-08-01,108.01485623589292
214,2016-08-02,336.35556937518754
215,2016-08-03,142.17457883539822
216,2016-08-04,1.5230212109063284
217,2016-08-05,118.05329748797317
218,2016-08-06,11.17878449384511
219,2016-08-07,4.954102519059674
220,2016-08-08,1.541888509914129
221,2016-08-09,1.1677386509385732
222,2016-08-10,2.9619125884285844
223,2016-08-11,0.9746962107807848
224,2016-08-12,3.3890167429784035
225,2016-08-13,0.018024887734846576
226,2016-08-14,0.24113045963553037
227,2016-08-15,0.00035147183436034244
228,2016-08-16,0.4446169818933791
229,2016-08-17,0.70218112122854
230,2016-08-18,1.6091261902010876
231,2016-08-19,4.924882652991864
232,2016-08-20,0.22081861702216016
233,2016-08-21,1.4242252269738584
234,2016-08-22,7.2394685015209665
235,2016-08-23,1.3394415890115388
236,2016-08-24,0.5594668123986924
237,2016-08-25,0.2503223462082358
238,2016-08-26,5.146222583181773
239,2016-08-27,11.601891122656994
240,2016-08-28,11.759125777107966
241,2016-08-29,2.8230951424794712
242,2016-08-30,5.9997255912485175
243,2016-08-31,3.84920136470169
244,2016-09-01,6.187254952967854
245,2016-09-02,1.0445747211790744
246,2016-09-03,0.05675427728380115
247,2016-09-04,0.4983754719632104
248,2016-09-05,0.6237299788535559
249,2016-09-06,0.3356692518003784
250,2016-09-07,0.07918043239729422
251,2016-09-08,0.12611587202701258
252,2016-09-09,0.5283249184439227
253,2016-09-10,0.6844745938773857
254,2016-09-11,0.7446707477341568
255,2016-09-12,2.973758365935988
256,2016-09-13,15.054934556378036
257,2016-09-14,90.06071361337789
258,2016-09-15,101.52262699031463
259,2016-09-16,132.62092505692476
260,2016-09-17,75.2281162093234
261,2016-09-18,13.29624918273857
262,2016-09-19,0.3068897177867104
263,2016-09-20,20.956041226580762
264,2016-09-21,51.971782930736055
265,2016-09-22,28.126130584535684
266,2016-09-23,24.807961820392467
267,2016-09-24,33.8007268212584
268,2016-09-25,0.9666509552617006
269,2016-09-26,4.458431077184325
270,2016-09-27,9.47036074366941
271,2016-09-28,1.4857026729753002
272,2016-09-29,1.1338432481756033
273,2016-09-30,1.9914941193278906
274,2016-10-01,123.64905512829624
275,2016-10-02,11.82836399927797
276,2016-10-03,3.736420650655831
277,2016-10-04,1.1348170489097427
278,2016-10-05,0.13571024669466705
279,2016-10-06,0.25384772765504504
280,2016-10-07,0.03258952257305435
281,2016-10-08,4.303852201789888
282,2016-10-09,6.793246407534239
283,2016-10-10,1.0046326885014003
284,2016-10-11,0.5153816964908919
285,2016-10-12,0.07189282204493158
286,2016-10-13,0.6757250088842104
287,2016-10-14,0.3373168333215843
288,2016-10-15,0.2869825880588973
289,2016-10-16,0.0
290,2016-10-17,0.0
291,2016-10-18,0.019533715478702782
292,2016-10-19,0.0
293,2016-10-20,0.0
294,2016-10-21,0.0
295,2016-10-22,0.0
296,2016-10-23,0.0
297,2016-10-24,0.0
298,2016-10-25,0.0
299,2016-10-26,0.0
300,2016-10-27,0.0
301,2016-10-28,0.0
302,2016-10-29,0.0
303,2016-10-30,0.0
304,2016-10-31,0.0
305,2016-11-01,0.0
306,2016-11-02,0.019020272286753497
307,2016-11-03,0.0
308,2016-11-04,0.018851400994985678
309,2016-11-05,8.576069715682802e-06
310,2016-11-06,0.0
311,2016-11-07,0.0
312,2016-11-08,0.0
313,2016-11-09,0.0
314,2016-11-10,7.088808835489439e-06
315,2016-11-11,0.10076700173274603
316,2016-11-12,0.1522631225078289
317,2016-11-13,0.20058192832289096
318,2016-11-14,0.07796500307456311
319,2016-11-15,0.0
320,2016-11-16,0.09589830771979804
321,2016-11-17,0.0
322,2016-11-18,1.3116930887429386
323,2016-11-19,0.0
324,2016-11-20,0.0
325,2016-11-21,0.0
326,2016-11-22,0.0
327,2016-11-23,0.0
328,2016-11-24,0.0
329,2016-11-25,0.0
330,2016-11-26,0.0
331,2016-11-27,0.0
332,2016-11-28,0.0
333,2016-11-29,0.0
334,2016-11-30,0.0
335,2016-12-01,0.0
336,2016-12-02,0.08389835448784214
337,2016-12-03,0.0
338,2016-12-04,0.01607023941979778
339,2016-12-05,0.0002490883365192905
340,2016-12-06,0.0018605202450764763
341,2016-12-07,0.0
342,2016-12-08,0.0
343,2016-12-09,0.0
344,2016-12-10,0.0
345,2016-12-11,0.0022705660734284707
346,2016-12-12,0.0
347,2016-12-13,0.00376281791936573
348,2016-12-14,0.026536772927614763
349,2016-12-15,0.0011251170758653493
350,2016-12-16,0.07493376060259457
351,2016-12-17,0.0
352,2016-12-18,0.0
353,2016-12-19,0.0
354,2016-12-20,0.0
355,2016-12-21,0.0
356,2016-12-22,0.0
357,2016-12-23,0.0
358,2016-12-24,0.0
359,2016-12-25,0.0
360,2016-12-26,0.0
361,2016-12-27,0.00746438612110259
362,2016-12-28,0.0
363,2016-12-29,0.0
364,2016-12-30,0.0
365,2016-12-31,0.0
366,2017-01-01,0.007411294284984266
367,2017-01-02,0.0
368,2017-01-03,0.0
369,2017-01-04,0.0
370,2017-01-05,0.0
371,2017-01-06,0.0
372,2017-01-07,0.007604728646139966
373,2017-01-08,0.0
374,2017-01-09,7.553372101125145e-05
375,2017-01-10,0.0
376,2017-01-11,0.0
377,2017-01-12,0.0
378,2017-01-13,0.0
379,2017-01-14,0.0
380,2017-01-15,0.08788284787196744
381,2017-01-16,0.0
382,2017-01-17,0.0
383,2017-01-18,0.0
384,2017-01-19,0.002449835539559438
385,2017-01-20,0.09464826034001857
386,2017-01-21,0.1101637538718657
387,2017-01-22,0.0
388,2017-01-23,0.0
389,2017-01-24,0.0
390,2017-01-25,0.0
391,2017-01-26,0.09810613061145855
392,2017-01-27,0.0
393,2017-01-28,0.020412401992381785
394,2017-01-29,0.0
395,2017-01-30,0.0
396,2017-01-31,0.0
397,2017-02-01,0.0
398,2017-02-02,0.017407756063874947
399,2017-02-03,0.0
400,2017-02-04,0.019113275881911217
401,2017-02-05,0.0
402,2017-02-06,0.002956935073383372
403,2017-02-07,0.0
404,2017-02-08,0.005986099064123733
405,2017-02-09,0.0019537689962058407
406,2017-02-10,0.0
407,2017-02-11,0.007446880275298039
408,2017-02-12,0.0
409,2017-02-13,0.0041538233560491945
410,2017-02-14,0.0
411,2017-02-15,0.0
412,2017-02-16,0.0
413,2017-02-17,0.0
414,2017-02-18,0.0
415,2017-02-19,0.0
416,2017-02-20,0.004135777312879348
417,2017-02-21,0.0
418,2017-02-22,0.0
419,2017-02-23,0.0047878227515832554
420,2017-02-24,0.0
421,2017-02-25,0.0
422,2017-02-26,0.0
423,2017-02-27,0.0
424,2017-02-28,0.0
425,2017-03-01,0.0021809243075736487
426,2017-03-02,0.0
427,2017-03-03,0.044940537378221984
428,2017-03-04,0.010871451955260198
429,2017-03-05,0.0
430,2017-03-06,0.013065935227684093
431,2017-03-07,0.0
432,2017-03-08,0.0
433,2017-03-09,0.0
434,2017-03-10,0.0
435,2017-03-11,0.0022505978589713272
436,2017-03-12,0.0
437,2017-03-13,0.005482045072193267
438,2017-03-14,0.0
439,2017-03-15,0.0
440,2017-03-16,0.0
441,2017-03-17,0.0032340054034415673
442,2017-03-18,0.059569898223033796
443,2017-03-19,0.03573904869916737
444,2017-03-20,0.0
445,2017-03-21,0.0
446,2017-03-22,0.0
447,2017-03-23,0.0
448,2017-03-24,0.002388776235569133
449,2017-03-25,0.0
450,2017-03-26,0.005584312694467412
451,2017-03-27,0.0
452,2017-03-28,0.03401767654444962
453,2017-03-29,0.059507903320102445
454,2017-03-30,0.0
455,2017-03-31,0.36734442270968093
456,2017-04-01,0.0
457,2017-04-02,0.02888408150956094
458,2017-04-03,0.0
459,2017-04-04,0.023689651332618678
460,2017-04-05,0.002685675177103962
461,2017-04-06,0.0
462,2017-04-07,0.0
463,2017-04-08,0.0
464,2017-04-09,0.0
465,2017-04-10,0.0
466,2017-04-11,0.0
467,2017-04-12,0.0
468,2017-04-13,0.0
469,2017-04-14,0.00312136849250669
470,2017-04-15,0.0
471,2017-04-16,0.0004381369214991654
472,2017-04-17,0.0
473,2017-04-18,0.0
474,2017-04-19,0.0
475,2017-04-20,0.0
476,2017-04-21,0.0005340392135145609
477,2017-04-22,0.0
478,2017-04-23,0.0009458023540808293
479,2017-04-24,0.0
480,2017-04-25,0.0
481,2017-04-26,0.0
482,2017-04-27,0.0
483,2017-04-28,0.0
484,2017-04-29,0.00014133348078253902
485,2017-04-30,0.0008665741094432562
486,2017-05-01,0.0
487,2017-05-02,0.0
488,2017-05-03,0.0010678505899931947
489,2017-05-04,0.04417077666532936
490,2017-05-05,3.7460110364399606
491,2017-05-06,0.3085323670866946
492,2017-05-07,7.48058070388068
493,2017-05-08,1.9477360701416364
494,2017-05-09,0.0001786823356982192
495,2017-05-10,0.0
496,2017-05-11,0.00010279060801910464
497,2017-05-12,18.8217696283105
498,2017-05-13,16.39224277245439
499,2017-05-14,3.6427951170036983
500,2017-05-15,0.0013382122993629176
501,2017-05-16,0.0006803376561752754
502,2017-05-17,0.0
503,2017-05-18,0.0
504,2017-05-19,0.0
505,2017-05-20,0.0
506,2017-05-21,0.00306429407915271
507,2017-05-22,0.0
508,2017-05-23,2.148822566711833
509,2017-05-24,0.0
510,2017-05-25,0.04656266717156089
511,2017-05-26,0.0
512,2017-05-27,0.0009139770270729363
513,2017-05-28,0.0
514,2017-05-29,0.007123804346903092
515,2017-05-30,0.4115821832103415
516,2017-05-31,0.030598332550400405
517,2017-06-01,49.826657305838296
518,2017-06-02,2.3899527804283185
519,2017-06-03,67.12546865840862
520,2017-06-04,4.868929918019204
521,2017-06-05,4.68764447997799
522,2017-06-06,17.504431820815956
523,2017-06-07,1.9979347203719369
524,2017-06-08,0.9050432925754398
525,2017-06-09,25.666545372235746
526,2017-06-10,10.529360798476226
527,2017-06-11,29.59663623981791
528,2017-06-12,124.39235139166401
529,2017-06-13,25.294962377204115
530,2017-06-14,44.65143722275427
531,2017-06-15,11.828234031942293
532,2017-06-16,27.493957200040747
533,2017-06-17,12.513168387288834
534,2017-06-18,0.6128552989654773
535,2017-06-19,1.1272375977464142
536,2017-06-20,0.984070109007903
537,2017-06-21,0.05188117555311369
538,2017-06-22,0.6101833386635903
539,2017-06-23,0.7126345300873174
540,2017-06-24,10.083112971704349
541,2017-06-25,11.234563060081467
542,2017-06-26,24.041879233607244
543,2017-06-27,11.30561355192642
544,2017-06-28,17.648479915994503
545,2017-06-29,39.30305097164555
546,2017-06-30,7.126395915097859
547,2017-07-01,14.50256156027125
548,2017-07-02,4.099224399822725
549,2017-07-03,1.7220886379463842
550,2017-07-04,4.040159097545683
551,2017-07-05,1.896140351664384
552,2017-07-06,2.615526407994214
553,2017-07-07,9.89035199484819
554,2017-07-08,1.0939359039981154
555,2017-07-09,3.8746611344462845
556,2017-07-10,10.758436578566398
557,2017-07-11,6.134449070316254
558,2017-07-12,2.521689258993081
559,2017-07-13,109.47240001019199
560,2017-07-14,105.30366609881426
561,2017-07-15,10.94812551384579
562,2017-07-16,39.54817753178145
563,2017-07-17,154.13751994783846
564,2017-07-18,78.88840636557691
565,2017-07-19,160.47202387886873
566,2017-07-20,59.275468216211635
567,2017-07-21,67.21361973705544
568,2017-07-22,7.343718189530217
569,2017-07-23,3.3164502516749272
570,2017-07-24,8.427636135924912
571,2017-07-25,1.121480308133737
572,2017-07-26,1.4968280586962486
573,2017-07-27,6.765499092338699
574,2017-07-28,11.326593676204654
575,2017-07-29,11.672139679544255
576,2017-07-30,0.02836931761285706
577,2017-07-31,0.704167940799486
578,2017-08-01,0.64816652041572
579,2017-08-02,0.2536052440697256
580,2017-08-03,0.1497199243238316
581,2017-08-04,0.05865705539165524
582,2017-08-05,0.00665771912883064
583,2017-08-06,0.05533036159502302
584,2017-08-07,0.713838102183904
585,2017-08-08,0.5673237309989915
586,2017-08-09,9.424519485532905
587,2017-08-10,9.251684511820942
588,2017-08-11,5.406341788542033
589,2017-08-12,1.6340907092320511
590,2017-08-13,1.1732308028305498
591,2017-08-14,12.027154691412663
592,2017-08-15,4.813595127436745
593,2017-08-16,0.6258538486155921
594,2017-08-17,0.9785127855218035
595,2017-08-18,6.521660700008574
596,2017-08-19,83.23041058177337
597,2017-08-20,301.06299682983234
598,2017-08-21,20.892433514927884
599,2017-08-22,0.10760566797083125
600,2017-08-23,1.2577594903881206
601,2017-08-24,0.45134785258119264
602,2017-08-25,21.776832512494423
603,2017-08-26,6.003436904622812
604,2017-08-27,30.643710841546213
605,2017-08-28,62.84636719499155
606,2017-08-29,37.949982005658285
607,2017-08-30,0.10296311938009851
608,2017-08-31,0.0
609,2017-09-01,0.0013942950056168087
610,2017-09-02,0.051641036680355495
611,2017-09-03,0.34777875255219537
612,2017-09-04,0.3753032197899045
613,2017-09-05,0.9586822289960647
614,2017-09-06,0.0770623987805647
615,2017-09-07,141.05056776629038
616,2017-09-08,11.270817746878834
617,2017-09-09,13.057230485412118
618,2017-09-10,55.52223112079219
619,2017-09-11,40.745978840210945
620,2017-09-12,45.378577788176564
621,2017-09-13,74.04188513138621
622,2017-09-14,75.10172214688968
623,2017-09-15,17.005053776369547
624,2017-09-16,7.094302689010253
625,2017-09-17,0.08385806369309587
626,2017-09-18,13.85393299485446
627,2017-09-19,25.865829016594063
628,2017-09-20,7.55163428736619
629,2017-09-21,25.39610242756271
630,2017-09-22,0.253384293401111
631,2017-09-23,0.35281111919072405
632,2017-09-24,1.6744990305044878
633,2017-09-25,0.0025454973902519573
634,2017-09-26,1.6556311997617255
635,2017-09-27,1.3732060180843435
636,2017-09-28,5.085334948626298
637,2017-09-29,18.744196579485223
638,2017-09-30,1.8322289530699662
639,2017-10-01,1.678574497931207
640,2017-10-02,4.826958954763821
641,2017-10-03,0.04827821120940458
642,2017-10-04,0.008010596197434368
643,2017-10-05,0.026865602005399437
644,2017-10-06,54.39134695684955
645,2017-10-07,30.922307088349474
646,2017-10-08,59.50859117566072
647,2017-10-09,4.822646483814578
648,2017-10-10,33.38916764884998
649,2017-10-11,7.251091482902302
650,2017-10-12,0.7951507317664779
651,2017-10-13,16.267308408006244
652,2017-10-14,18.317602593367823
653,2017-10-15,24.791496180361275
654,2017-10-16,0.027857026158008252
655,2017-10-17,0.0
656,2017-10-18,0.3248807419433464
657,2017-10-19,0.0
658,2017-10-20,0.0
659,2017-10-21,0.053188444136668685
660,2017-10-22,0.014618797813830665
661,2017-10-23,0.0018608699652387047
662,2017-10-24,0.0
663,2017-10-25,0.01749748034117064
664,2017-10-26,0.0
665,2017-10-27,0.4403439719618334
666,2017-10-28,0.0004110270072302662
667,2017-10-29,0.0
668,2017-10-30,0.0
669,2017-10-31,0.0
670,2017-11-01,0.0
671,2017-11-02,0.0
672,2017-11-03,0.0
673,2017-11-04,0.0
674,2017-11-05,0.0
675,2017-11-06,0.0
676,2017-11-07,0.0
677,2017-11-08,0.0
678,2017-11-09,0.0
679,2017-11-10,0.0
680,2017-11-11,0.0
681,2017-11-12,0.0
682,2017-11-13,0.0
683,2017-11-14,0.0
684,2017-11-15,0.0
685,2017-11-16,0.0
686,2017-11-17,0.000501203908525511
687,2017-11-18,0.0
688,2017-11-19,0.08814322425089703
689,2017-11-20,2.04510472590924
690,2017-11-21,0.384184000445408
691,2017-11-22,1.1057939326862667
692,2017-11-23,0.0
693,2017-11-24,0.0025724152770596363
694,2017-11-25,0.0
695,2017-11-26,0.0
696,2017-11-27,0.0
697,2017-11-28,0.0
698,2017-11-29,0.0
699,2017-11-30,0.0011755319627067835
700,2017-12-01,1.0444901054966418
701,2017-12-02,0.0
702,2017-12-03,0.014509487393663662
703,2017-12-04,13.24014500887292
704,2017-12-05,1.5276229062219913
705,2017-12-06,0.019685082456224582
706,2017-12-07,0.01797558917937496
707,2017-12-08,0.0
708,2017-12-09,0.004178130116539257
709,2017-12-10,0.0
710,2017-12-11,0.0
711,2017-12-12,0.0
712,2017-12-13,0.0
713,2017-12-14,0.0
714,2017-12-15,2.5755192670008427e-06
715,2017-12-16,0.0
716,2017-12-17,0.5808972624494889
717,2017-12-18,0.9653179168076926
718,2017-12-19,0.0009861966088733998
719,2017-12-20,0.30302916710464073
720,2017-12-21,0.0
721,2017-12-22,0.00017856679733547286
722,2017-12-23,0.0
723,2017-12-24,0.0
724,2017-12-25,0.0
725,2017-12-26,0.0
726,2017-12-27,0.0
727,2017-12-28,0.0
728,2017-12-29,0.0
729,2017-12-30,0.0
730,2017-12-31,0.0
731,2018-01-01,0.0
732,2018-01-02,0.0
733,2018-01-03,0.0
734,2018-01-04,0.0
735,2018-01-05,0.0
736,2018-01-06,0.0
737,2018-01-07,0.0
738,2018-01-08,0.0
739,2018-01-09,0.0
740,2018-01-10,0.12635059522995185
741,2018-01-11,0.0009738005055008605
742,2018-01-12,0.0
743,2018-01-13,0.02398143723839736
744,2018-01-14,0.05697152595780936
745,2018-01-15,0.0629292371849577
746,2018-01-16,0.0023954569432856863
747,2018-01-17,0.006273448918008909
748,2018-01-18,0.024456037359163067
749,2018-01-19,0.0
750,2018-01-20,0.0
751,2018-01-21,0.0
752,2018-01-22,0.008752745706480512
753,2018-01-23,0.0
754,2018-01-24,0.0
755,2018-01-25,0.020701782240597592
756,2018-01-26,0.0
757,2018-01-27,0.004072186940259442
758,2018-01-28,0.0
759,2018-01-29,0.0
760,2018-01-30,0.0
761,2018-01-31,0.0
762,2018-02-01,0.0
763,2018-02-02,0.00045342599814022523
764,2018-02-03,0.0
765,2018-02-04,0.0
766,2018-02-05,0.0003101880262217617
767,2018-02-06,0.41772231847862384
768,2018-02-07,0.6242793672091633
769,2018-02-08,0.0
770,2018-02-09,0.01105503649267682
771,2018-02-10,0.07285563397124856
772,2018-02-11,0.0
773,2018-02-12,0.002473298180256029
774,2018-02-13,0.0
775,2018-02-14,0.0
776,2018-02-15,0.0
777,2018-02-16,6.626070859993155e-06
778,2018-02-17,0.0
779,2018-02-18,0.0
780,2018-02-19,0.0
781,2018-02-20,0.0
782,2018-02-21,0.0
783,2018-02-22,0.0
784,2018-02-23,4.056117911024121e-05
785,2018-02-24,0.0
786,2018-02-25,0.0
787,2018-02-26,0.0
788,2018-02-27,3.538589583428306e-05
789,2018-02-28,0.0
790,2018-03-01,0.0
791,2018-03-02,0.0
792,2018-03-03,0.0
793,2018-03-04,0.001574408051538094
794,2018-03-05,0.0
795,2018-03-06,3.308874752856195e-05
796,2018-03-07,0.0
797,2018-03-08,0.0
798,2018-03-09,0.0
799,2018-03-10,0.004721940897039543
800,2018-03-11,0.0
801,2018-03-12,0.0
802,2018-03-13,0.0
803,2018-03-14,0.005769097925563892
804,2018-03-15,0.2397920749378965
805,2018-03-16,0.1717456736763972
806,2018-03-17,0.0
807,2018-03-18,0.302174230374999
808,2018-03-19,0.0
809,2018-03-20,0.0045447030685069455
810,2018-03-21,0.0
811,2018-03-22,0.0010123381254525804
812,2018-03-23,0.0
813,2018-03-24,0.0
814,2018-03-25,0.0
815,2018-03-26,0.0
816,2018-03-27,0.0
817,2018-03-28,0.0
818,2018-03-29,0.0005536113233564993
819,2018-03-30,0.1885831976247509
820,2018-03-31,0.003567468047785354
821,2018-04-01,0.0
822,2018-04-02,0.0
823,2018-04-03,0.0006277784610017393
824,2018-04-04,0.0
825,2018-04-05,0.010855170691081934
826,2018-04-06,0.05914730805482637
827,2018-04-07,1.9445501230033428
828,2018-04-08,2.3183582095781263
829,2018-04-09,0.06462429234304515
830,2018-04-10,0.0014956252383122705
831,2018-04-11,0.0
832,2018-04-12,0.0007382223272580242
833,2018-04-13,0.0
834,2018-04-14,0.014310836398268786
835,2018-04-15,0.0
836,2018-04-16,0.7339090109842648
837,2018-04-17,8.43911332450272
838,2018-04-18,0.04325579363985469
839,2018-04-19,0.0
840,2018-04-20,0.0
841,2018-04-21,0.0
842,2018-04-22,0.0
843,2018-04-23,0.0026508217983485854
844,2018-04-24,0.0022286712036619946
845,2018-04-25,0.0
846,2018-04-26,0.00962403851011709
847,2018-04-27,0.0
848,2018-04-28,0.0019574831965110335
849,2018-04-29,0.00018362648704016823
850,2018-04-30,0.0009868844618055252
851,2018-05-01,0.0030726831053027835
852,2018-05-02,0.00022752879666477515
853,2018-05-03,0.002647244389354284
854,2018-05-04,0.0
855,2018-05-05,0.0002534805856698473
856,2018-05-06,0.0
857,2018-05-07,0.0033539891222073986
858,2018-05-08,0.0
859,2018-05-09,0.0
860,2018-05-10,1.6517438167212357
861,2018-05-11,0.0
862,2018-05-12,0.0
863,2018-05-13,0.18551924317654558
864,2018-05-14,0.0
865,2018-05-15,0.0
866,2018-05-16,0.16360050758256736
867,2018-05-17,13.636447234467436
868,2018-05-18,1.0422815392658294e-06
869,2018-05-19,0.004120435434510302
870,2018-05-20,0.0
871,2018-05-21,0.009570531755948398
872,2018-05-22,0.08881500841190619
873,2018-05-23,1.635731259416357
874,2018-05-24,1.4941081242513945
875,2018-05-25,0.001986050389754193
876,2018-05-26,0.007733272761750396
877,2018-05-27,3.731623308676897
878,2018-05-28,1.6952905974634052
879,2018-05-29,0.010884621471031093
880,2018-05-30,0.11119563958705309
881,2018-05-31,5.667338287954383
882,2018-06-01,43.905727692119044
883,2018-06-02,23.800238482133413
884,2018-06-03,12.307537675446213
885,2018-06-04,11.651495114685723
886,2018-06-05,1.6584868274805618
887,2018-06-06,92.64659470348137
888,2018-06-07,5.429148323166843
889,2018-06-08,83.82461267904698
890,2018-06-09,3.459139332760027
891,2018-06-10,2.6777616230406287
892,2018-06-11,0.6342771337000086
893,2018-06-12,0.0013755683239704349
894,2018-06-13,0.023425620952655074
895,2018-06-14,0.02262587300425245
896,2018-06-15,1.072719031444694
897,2018-06-16,0.09079429759149443
898,2018-06-17,8.748802515409718
899,2018-06-18,7.62686236197446
900,2018-06-19,31.376406995109033
901,2018-06-20,12.201315330901222
902,2018-06-21,94.24372633494355
903,2018-06-22,7.424877877409084
904,2018-06-23,7.441330460559756
905,2018-06-24,6.20091483050954
906,2018-06-25,26.38710722192642
907,2018-06-26,21.740444265183584
908,2018-06-27,4.636944907321905
909,2018-06-28,2.4957152276506096
910,2018-06-29,5.792991577652116
911,2018-06-30,0.6701308330641336
912,2018-07-01,3.3706412810614093
913,2018-07-02,7.866861722199499
914,2018-07-03,11.618685958030046
915,2018-07-04,46.81625760366089
916,2018-07-05,97.23040130366122
917,2018-07-06,17.582978535238244
918,2018-07-07,55.80399156313956
919,2018-07-08,18.420696621821655
920,2018-07-09,57.60572333504882
921,2018-07-10,57.03128738955645
922,2018-07-11,32.168959065387384
923,2018-07-12,53.85505585612453
924,2018-07-13,20.493510066842333
925,2018-07-14,14.32972345354482
926,2018-07-15,47.77012885003011
927,2018-07-16,197.82813207364134
928,2018-07-17,15.072314305861381
929,2018-07-18,0.682468357642633
930,2018-07-19,0.6043877987996737
931,2018-07-20,1.4956651567503656
932,2018-07-21,1.1013225021571875
933,2018-07-22,12.826173882508906
934,2018-07-23,39.40889517517443
935,2018-07-24,0.5745660984628628
936,2018-07-25,21.45070039989089
937,2018-07-26,50.92512985094628
938,2018-07-27,19.954215574088607
939,2018-07-28,0.05569142052910526
940,2018-07-29,0.16586673921206727
941,2018-07-30,0.0008526686926965299
942,2018-07-31,0.05809653714346835
943,2018-08-01,2.884199203086161
944,2018-08-02,0.43603418698722535
945,2018-08-03,8.374263359896737
946,2018-08-04,4.8584482206425
947,2018-08-05,0.1284555245456603
948,2018-08-06,0.25777948698230924
949,2018-08-07,0.5633443544318396
950,2018-08-08,1.3456989912717519
951,2018-08-09,1.1201540655315803
952,2018-08-10,0.03767861022721688
953,2018-08-11,3.3627166162754434
954,2018-08-12,10.890758921316706
955,2018-08-13,0.40743129612537954
956,2018-08-14,0.2586358555226658
957,2018-08-15,1.2834312812151232
958,2018-08-16,198.65190510878247
959,2018-08-17,24.94249506505121
960,2018-08-18,3.2491551706833985
961,2018-08-19,9.846210679153906
962,2018-08-20,91.2176226717876
963,2018-08-21,102.1551262734399
964,2018-08-22,4.811835391759514
965,2018-08-23,0.49898424525273816
966,2018-08-24,0.14135669910253015
967,2018-08-25,0.9662917559987687
968,2018-08-26,3.5941282592187225
969,2018-08-27,16.734730019429097
970,2018-08-28,3.6349715460002168
971,2018-08-29,0.3170765985848684
972,2018-08-30,0.38359491268616713
973,2018-08-31,0.659857420635888
974,2018-09-01,0.05164585276078484
975,2018-09-02,11.059837804270042
976,2018-09-03,0.17542124601436193
977,2018-09-04,0.07856778217678505
978,2018-09-05,0.021742481043595337
979,2018-09-06,0.11055635840294231
980,2018-09-07,0.17090767290751188
981,2018-09-08,0.06824114142359906
982,2018-09-09,0.08040021267184982
983,2018-09-10,0.3639349290043349
984,2018-09-11,0.2511494466058744
985,2018-09-12,0.04609410656010479
986,2018-09-13,0.00976839706548123
987,2018-09-14,0.17852645805348544
988,2018-09-15,0.8897474700357461
989,2018-09-16,0.8598551431476368
990,2018-09-17,0.014861325896123581
991,2018-09-18,4.353052858533117
992,2018-09-19,8.244023863498699
993,2018-09-20,8.604049726296012
994,2018-09-21,9.602789697341807
995,2018-09-22,5.309149755479227
996,2018-09-23,2.096877197789118
997,2018-09-24,0.9192791190188377
998,2018-09-25,1.7109436945098513
999,2018-09-26,8.11375434496956
1000,2018-09-27,4.644100679889335
1001,2018-09-28,28.758734447207388
1002,2018-09-29,6.688276166634746
1003,2018-09-30,10.447999644478832
1004,2018-10-01,2.9159386890446624
1005,2018-10-02,1.4334248123581628
1006,2018-10-03,10.748837148015191
1007,2018-10-04,20.168025639443808
1008,2018-10-05,0.14552905356392382
1009,2018-10-06,0.051632930710983516
1010,2018-10-07,0.1810700771665618
1011,2018-10-08,0.2309178676248312
1012,2018-10-09,0.0007606432879082662
1013,2018-10-10,0.06178510168821622
1014,2018-10-11,0.0
1015,2018-10-12,0.007301728436388558
1016,2018-10-13,0.0031611412509674223
1017,2018-10-14,0.0
1018,2018-10-15,0.0
1019,2018-10-16,0.03767651111747811
1020,2018-10-17,5.892243053205339
1021,2018-10-18,7.7005656017960575
1022,2018-10-19,0.8370030715531825
1023,2018-10-20,0.0
1024,2018-10-21,0.0
1025,2018-10-22,0.022653608014246488
1026,2018-10-23,0.0
1027,2018-10-24,0.0
1028,2018-10-25,0.6007946609461348
1029,2018-10-26,0.00018879535191642573
1030,2018-10-27,0.0
1031,2018-10-28,0.0006731566167163222
1032,2018-10-29,0.0
1033,2018-10-30,0.0006273089531658998
1034,2018-10-31,0.0
1035,2018-11-01,1.6327191133324172e-05
1036,2018-11-02,0.0016979712668329827
1037,2018-11-03,3.4097554053205643
1038,2018-11-04,5.2027990301697455
1039,2018-11-05,5.258107569075983
1040,2018-11-06,2.552135046084326
1041,2018-11-07,0.0
1042,2018-11-08,0.0063529016020047865
1043,2018-11-09,0.0
1044,2018-11-10,0.0
1045,2018-11-11,0.0
1046,2018-11-12,0.0
1047,2018-11-13,6.072807098618752e-05
1048,2018-11-14,0.0
1049,2018-11-15,0.0
1050,2018-11-16,0.0
1051,2018-11-17,0.0
1052,2018-11-18,0.15120322768723302
1053,2018-11-19,0.6485710130347898
1054,2018-11-20,3.8552889088410636
1055,2018-11-21,1.426444499550916
1056,2018-11-22,0.0
1057,2018-11-23,0.0011918174209008898
1058,2018-11-24,0.012153939034449052
1059,2018-11-25,0.05406289558982477
1060,2018-11-26,0.0
1061,2018-11-27,0.0
1062,2018-11-28,0.0
1063,2018-11-29,0.0
1064,2018-11-30,0.0
1065,2018-12-01,0.06173110928672649
1066,2018-12-02,0.01913504857879526
1067,2018-12-03,0.0016148856442201702
1068,2018-12-04,0.01585131269941437
1069,2018-12-05,0.0
1070,2018-12-06,0.0
1071,2018-12-07,0.0
1072,2018-12-08,0.0
1073,2018-12-09,0.0
1074,2018-12-10,0.0
1075,2018-12-11,0.0
1076,2018-12-12,0.0
1077,2018-12-13,0.0
1078,2018-12-14,0.0
1079,2018-12-15,0.0
1080,2018-12-16,0.0
1081,2018-12-17,0.0033388102610431
1082,2018-12-18,0.0
1083,2018-12-19,0.0
1084,2018-12-20,0.0
1085,2018-12-21,0.0
1086,2018-12-22,0.001669738428401615
1087,2018-12-23,0.0
1088,2018-12-24,0.0
1089,2018-12-25,0.0
1090,2018-12-26,0.0
1091,2018-12-27,0.0
1092,2018-12-28,0.0
1093,2018-12-29,0.0
1094,2018-12-30,0.0
1095,2018-12-31,1.0515171297088426
1096,2019-01-01,0.03371302043494714
1097,2019-01-02,0.0
1098,2019-01-03,0.0028084654529534772
1099,2019-01-04,0.0
1100,2019-01-05,0.0
1101,2019-01-06,0.0
1102,2019-01-07,0.0
1103,2019-01-08,0.0
1104,2019-01-09,0.0
1105,2019-01-10,0.0
1106,2019-01-11,0.0
1107,2019-01-12,0.0
1108,2019-01-13,0.06291375669146923
1109,2019-01-14,0.0
1110,2019-01-15,0.0
1111,2019-01-16,0.0
1112,2019-01-17,0.0
1113,2019-01-18,0.0
1114,2019-01-19,0.0
1115,2019-01-20,0.0
1116,2019-01-21,0.0
1117,2019-01-22,0.0
1118,2019-01-23,0.07159224242889882
1119,2019-01-24,0.0
1120,2019-01-25,0.008629870064540099
1121,2019-01-26,0.0
1122,2019-01-27,0.0
1123,2019-01-28,0.0
1124,2019-01-29,0.0
1125,2019-01-30,0.0
1126,2019-01-31,0.0
1127,2019-02-01,0.008783579817015299
1128,2019-02-02,0.0
1129,2019-02-03,0.0043458598099421495
1130,2019-02-04,0.0
1131,2019-02-05,0.0
1132,2019-02-06,0.005597938150458989
1133,2019-02-07,0.0
1134,2019-02-08,0.0
1135,2019-02-09,0.0
1136,2019-02-10,0.0
1137,2019-02-11,0.0
1138,2019-02-12,0.0
1139,2019-02-13,0.008361002012981313
1140,2019-02-14,0.007623347947657689
1141,2019-02-15,0.016411874738251196
1142,2019-02-16,0.0
1143,2019-02-17,0.0029830344537176124
1144,2019-02-18,0.0
1145,2019-02-19,0.0
1146,2019-02-20,0.0
1147,2019-02-21,0.0045668567659572475
1148,2019-02-22,5.3501904858667644e-05
1149,2019-02-23,0.0
1150,2019-02-24,0.0
1151,2019-02-25,0.0
1152,2019-02-26,0.00017495854485552464
1153,2019-02-27,0.0
1154,2019-02-28,0.003458637635685143
1155,2019-03-01,0.0
1156,2019-03-02,0.005735363696302034
1157,2019-03-03,0.013693017759504825
1158,2019-03-04,0.0
1159,2019-03-05,0.020629544381304918
1160,2019-03-06,0.0
1161,2019-03-07,0.009177191985940447
1162,2019-03-08,0.0
1163,2019-03-09,0.0
1164,2019-03-10,0.00251069209764358
1165,2019-03-11,0.0
1166,2019-03-12,0.022103081028710034
1167,2019-03-13,0.0
1168,2019-03-14,0.0
1169,2019-03-15,0.0
1170,2019-03-16,0.0023918603582401164
1171,2019-03-17,0.004648794904451138
1172,2019-03-18,0.0
1173,2019-03-19,0.0
1174,2019-03-20,0.0
1175,2019-03-21,0.0
1176,2019-03-22,0.0
1177,2019-03-23,0.0036780837890328325
1178,2019-03-24,0.0
1179,2019-03-25,0.05137608709319941
1180,2019-03-26,0.004743427624894574
1181,2019-03-27,0.0
1182,2019-03-28,0.0
1183,2019-03-29,0.0
1184,2019-03-30,0.008920894234849621
1185,2019-03-31,0.0
1186,2019-04-01,0.0054946721115642855
1187,2019-04-02,0.0033523674298375837
1188,2019-04-03,0.0
1189,2019-04-04,0.0822023393206008
1190,2019-04-05,0.1647870715926077
1191,2019-04-06,0.00010499525939616983
1192,2019-04-07,4.848663799992685e-05
1193,2019-04-08,0.004051879770038095
1194,2019-04-09,0.0
1195,2019-04-10,0.0
1196,2019-04-11,0.0
1197,2019-04-12,0.0
1198,2019-04-13,7.941802149447538
1199,2019-04-14,7.84188539071242
1200,2019-04-15,6.4573302312069645
1201,2019-04-16,1.0643603601488723
1202,2019-04-17,0.0042238361385930415
1203,2019-04-18,0.0
1204,2019-04-19,0.0
1205,2019-04-20,0.0
1206,2019-04-21,0.0
1207,2019-04-22,0.0008565168574178594
1208,2019-04-23,0.0
1209,2019-04-24,0.010387818161551394
1210,2019-04-25,0.32278431180033695
1211,2019-04-26,0.005372381937169863
1212,2019-04-27,0.08473335428283418
1213,2019-04-28,0.001087838550825268
1214,2019-04-29,0.0046850478279364186
1215,2019-04-30,0.0
1216,2019-05-01,0.0917651041206096
1217,2019-05-02,0.0009307905850113183
1218,2019-05-03,0.0727027562680779
1219,2019-05-04,0.028501975910081394
1220,2019-05-05,0.008582651858986245
1221,2019-05-06,0.0
1222,2019-05-07,0.0
1223,2019-05-08,0.0
1224,2019-05-09,0.0
1225,2019-05-10,0.004389624972808
1226,2019-05-11,0.0
1227,2019-05-12,0.0005655867503241425
1228,2019-05-13,0.021716069806591163
1229,2019-05-14,0.0
1230,2019-05-15,0.026320678903256425
1231,2019-05-16,0.0
1232,2019-05-17,0.0
1233,2019-05-18,0.0
1234,2019-05-19,0.0
1235,2019-05-20,0.011355030323252004
1236,2019-05-21,0.0
1237,2019-05-22,2.911935621697865e-05
1238,2019-05-23,0.0038724719999701455
1239,2019-05-24,0.0
1240,2019-05-25,0.0
1241,2019-05-26,0.028045829080995836
1242,2019-05-27,0.0
1243,2019-05-28,0.0
1244,2019-05-29,0.09240199638500629
1245,2019-05-30,0.0
1246,2019-05-31,0.002511716095729648
1247,2019-06-01,0.0477904272694701
1248,2019-06-02,3.121408356911303
1249,2019-06-03,0.2108561115777185
1250,2019-06-04,0.6812003387812521
1251,2019-06-05,0.031159564408522633
1252,2019-06-06,0.7866991066253499
1253,2019-06-07,16.496007382238144
1254,2019-06-08,4.727964519438178
1255,2019-06-09,65.00282962095895
1256,2019-06-10,24.86341062151055
1257,2019-06-11,1.9800662653050092
1258,2019-06-12,3.4200241565995975
1259,2019-06-13,8.200283987932126
1260,2019-06-14,0.5628998437826415
1261,2019-06-15,0.2984140516119651
1262,2019-06-16,0.5851070028541772
1263,2019-06-17,0.20372159644732643
1264,2019-06-18,0.030212389047906463
1265,2019-06-19,0.956895852535537
1266,2019-06-20,0.0032283585034982108
1267,2019-06-21,0.005529304199751501
1268,2019-06-22,19.948925897653382
1269,2019-06-23,18.200323570304427
1270,2019-06-24,35.61730407174187
1271,2019-06-25,7.280329601896697
1272,2019-06-26,9.975857121400892
1273,2019-06-27,47.102876729954026
1274,2019-06-28,103.11554796624388
1275,2019-06-29,43.66952226583407
1276,2019-06-30,23.941802668920765
1277,2019-07-01,72.35623089126304
1278,2019-07-02,30.070987384179972
1279,2019-07-03,22.673954747257632
1280,2019-07-04,4.501096003958666
1281,2019-07-05,31.493042132192897
1282,2019-07-06,40.87208167628535
1283,2019-07-07,7.261263455437439
1284,2019-07-08,89.21817603168864
1285,2019-07-09,1.6648465337685256
1286,2019-07-10,73.10162128215983
1287,2019-07-11,14.026127232828419
1288,2019-07-12,0.6678041871447121
1289,2019-07-13,0.7551260999339737
1290,2019-07-14,2.547348162156241
1291,2019-07-15,0.9351277953776317
1292,2019-07-16,4.294136916734153
1293,2019-07-17,2.446731371929257
1294,2019-07-18,0.03168069126742277
1295,2019-07-19,32.52561074344296
1296,2019-07-20,64.50979938710523
1297,2019-07-21,3.8255770018999016
1298,2019-07-22,8.963477139564997
1299,2019-07-23,6.973693601941811
1300,2019-07-24,10.448500807821564
1301,2019-07-25,57.59657842955808
1302,2019-07-26,173.1460735299059
1303,2019-07-27,100.03011737060477
1304,2019-07-28,96.37420826207807
1305,2019-07-29,156.08482296183817
1306,2019-07-30,113.46645830270027
1307,2019-07-31,29.886147998553238
1308,2019-08-01,17.87662240209186
1309,2019-08-02,55.420315094935916
1310,2019-08-03,65.01884863800223
1311,2019-08-04,232.76537140384733
1312,2019-08-05,49.48623174094939
1313,2019-08-06,36.39186086633008
1314,2019-08-07,45.97383003978101
1315,2019-08-08,97.05089453372123
1316,2019-08-09,7.508106583604646
1317,2019-08-10,2.640479749881174
1318,2019-08-11,0.2716721180583465
1319,2019-08-12,0.2462488331965544
1320,2019-08-13,1.1369645171367624
1321,2019-08-14,4.795048449905547
1322,2019-08-15,4.150502217773295
1323,2019-08-16,0.1289393679033784
1324,2019-08-17,2.2507348830088105
1325,2019-08-18,0.03893956419140657
1326,2019-08-19,2.083188018236314
1327,2019-08-20,4.062959295909304
1328,2019-08-21,1.5975502151909473
1329,2019-08-22,0.37190647264619475
1330,2019-08-23,2.791429143689532
1331,2019-08-24,0.24886917077995274
1332,2019-08-25,0.36903040359047934
1333,2019-08-26,0.7195825565636442
1334,2019-08-27,0.557274384199262
1335,2019-08-28,0.28622248712343146
1336,2019-08-29,4.576004081172381
1337,2019-08-30,28.491035436057413
1338,2019-08-31,42.2924107694009
1339,2019-09-01,20.598127313815585
1340,2019-09-02,4.664387656657043
1341,2019-09-03,48.7008487655367
1342,2019-09-04,46.54482685855435
1343,2019-09-05,10.640641676604757
1344,2019-09-06,25.594637948634265
1345,2019-09-07,21.02055765581412
1346,2019-09-08,24.441113476047576
1347,2019-09-09,9.95548264291118
1348,2019-09-10,0.4012147201892309
1349,2019-09-11,25.39360164266282
1350,2019-09-12,31.76715791662947
1351,2019-09-13,12.898874686282538
1352,2019-09-14,4.276953212820753
1353,2019-09-15,1.6814629186284162
1354,2019-09-16,0.19476434039286625
1355,2019-09-17,8.128965279487877
1356,2019-09-18,87.91366571548649
1357,2019-09-19,34.7167235949106
1358,2019-09-20,0.9799575694029864
1359,2019-09-21,0.27633544084012546
1360,2019-09-22,0.33037710649413926
1361,2019-09-23,105.37646485241775
1362,2019-09-24,289.4271859493117
1363,2019-09-25,154.48255312015982
1364,2019-09-26,35.761872650972435
1365,2019-09-27,3.561983772111045
1366,2019-09-28,0.9302150915114406
1367,2019-09-29,0.6782743105192166
1368,2019-09-30,0.564008604722868
1369,2019-10-01,0.10638537386488672
1370,2019-10-02,0.044418497521175646
1371,2019-10-03,2.730342572639813
1372,2019-10-04,44.366358876281886
1373,2019-10-05,7.341115434147452
1374,2019-10-06,1.2841602908756973
1375,2019-10-07,2.4419500207858182
1376,2019-10-08,14.57707138272532
1377,2019-10-09,29.218830791229365
1378,2019-10-10,23.640198886964654
1379,2019-10-11,2.4275858263872183
1380,2019-10-12,1.9214002413552433
1381,2019-10-13,13.339663969242551
1382,2019-10-14,0.0
1383,2019-10-15,0.0
1384,2019-10-16,0.0
1385,2019-10-17,0.16287939253347433
1386,2019-10-18,10.291532317148636
1387,2019-10-19,47.939851683883326
1388,2019-10-20,70.67014877191463
1389,2019-10-21,64.03529956521854
1390,2019-10-22,39.57778697404878
1391,2019-10-23,2.7671787395283602
1392,2019-10-24,22.80082301603562
1393,2019-10-25,4.012519824164035
1394,2019-10-26,9.436621096932702
1395,2019-10-27,0.02756168590104079
1396,2019-10-28,5.847674482852891
1397,2019-10-29,0.2230829573409453
1398,2019-10-30,7.30761820921868
1399,2019-10-31,0.3608612839953969
1400,2019-11-01,16.489620653354244
1401,2019-11-02,0.1688425358723446
1402,2019-11-03,10.917428104783676
1403,2019-11-04,20.30443324904043
1404,2019-11-05,13.692815170400236
1405,2019-11-06,5.346296271083069
1406,2019-11-07,0.0
1407,2019-11-08,0.0
1408,2019-11-09,0.0
1409,2019-11-10,0.0
1410,2019-11-11,0.0
1411,2019-11-12,0.001753954262716682
1412,2019-11-13,0.0005525050401203885
1413,2019-11-14,0.0018028469273547122
1414,2019-11-15,7.671394446733155e-05
1415,2019-11-16,0.0010285808192236556
1416,2019-11-17,0.0
1417,2019-11-18,0.002118610097826081
1418,2019-11-19,0.0
1419,2019-11-20,0.0
1420,2019-11-21,0.0021086875197150936
1421,2019-11-22,0.00011834778279869981
1422,2019-11-23,0.03069084874149023
1423,2019-11-24,0.0
1424,2019-11-25,0.007932689630324452
1425,2019-11-26,0.011338872509910034
1426,2019-11-27,3.097557856086968e-06
1427,2019-11-28,0.0
1428,2019-11-29,0.0
1429,2019-11-30,0.9684950153995375
1430,2019-12-01,0.043634935993106944
1431,2019-12-02,2.049621796287928e-07
1432,2019-12-03,0.5034969780365501
1433,2019-12-04,1.3461839268889
1434,2019-12-05,0.6905293077117169
1435,2019-12-06,0.07169209012711172
1436,2019-12-07,0.0013983004173322151
1437,2019-12-08,0.0
1438,2019-12-09,0.0
1439,2019-12-10,0.0
1440,2019-12-11,0.004138036150018319
1441,2019-12-12,2.4576211630173326e-05
1442,2019-12-13,0.0
1443,2019-12-14,0.0
1444,2019-12-15,0.0
1445,2019-12-16,0.005083315790343285
1446,2019-12-17,0.0
1447,2019-12-18,0.0
1448,2019-12-19,0.0
1449,2019-12-20,0.43887854804591214
1450,2019-12-21,4.856393837184746e-05
1451,2019-12-22,0.02055580208812092
1452,2019-12-23,0.016459918830482114
1453,2019-12-24,0.0005670021605852784
1454,2019-12-25,0.4471217480574264
1455,2019-12-26,0.48783463241282055
1456,2019-12-27,0.0
1457,2019-12-28,0.0
1458,2019-12-29,0.001959128589858636
1459,2019-12-30,0.0
1460,2019-12-31,0.0
