,dailysamples,dailyconfirmed,dailyrecovered,dailydeceased,totalcritical,ventilatorpatients,totalsamples,totalconfirmed,totalhospital,totalrecovered,totaldeceased,totalhousesurvey,populationcovered,housescovered,flu,active_hosp,active_home,Date
1,153,15,0.0,2,,,2231,255,198,26,31,733.0,1930096.0,564875.0,56.0,,,12.04.2020
2,115,33,1.0,2,4.0,,2346,278,218,27,33,751.0,2152692.0,633618.0,201.0,,,13.04.2020
3,157,44,1.0,4,6.0,,2503,322,260,28,34,743.0,2355472.0,701736.0,87.0,,,14.04.2020
4,220,55,1.0,4,5.0,,2723,377,307,29,41,795.0,2576501.0,773284.0,110.0,,,15.04.2020
5,265,65,0.0,5,7.0,,2988,442,367,29,46,796.0,2798651.0,844189.0,141.0,,,16.04.2020
6,256,59,4.0,3,10.0,,3244,501,421,33,47,763.0,3092727.0,923870.0,89.0,,,17.04.2020
7,362,43,4.0,2,8.0,,3606,544,459,37,48,,,,,,,18.04.2020
8,181,42,18.0,0,15.0,,3787,586,482,55,49,,,,,,,19.04.2020
9,182,80,13.0,0,14.0,,3969,666,548,68,50,739.0,3737021.0,1083265.0,140.0,,,20.04.2020
10,340,42,19.0,2,15.0,,4309,708,569,87,52,750.0,3981330.0,1159283.0,131.0,,,21.04.2020
11,562,64,35.0,4,26.0,,4871,772,594,122,56,754.0,4063784.0,1234470.0,106.0,,,22.04.2020
12,667,104,8.0,4,36.0,,5538,876,686,130,60,474.0,4298516.0,1308879.0,95.0,,,23.04.2020
13,367,72,6.0,5,44.0,5.0,7230,1139,768,165,72,,,,,,,26.04.2020
14,445,78,11.0,3,49.0,3.0,7675,1217,821,176,75,972.0,5062457.0,1544375.0,212.0,,,27.04.2020
15,510,122,27.0,2,73.0,15.0,8185,1339,919,203,79,934.0,5323085.0,1627099.0,94.0,,,28.04.2020
16,673,93,27.0,2,70.0,14.0,8858,1432,980,230,81,1008.0,5612516.0,1715649.0,59.0,,,29.04.2020
17,340,86,44.0,7,70.0,14.0,9198,1518,1022,274,85,1044.0,5894519.0,1800448.0,44.0,,,30.04.2020
18,691,93,51.0,7,64.0,12.0,9889,1611,1057,325,92,1004.0,6163716.0,1883128.0,50.0,,,01.05.2020
19,413,107,53.0,3,67.0,11.0,10302,1718,1246,378,94,1073.0,6828243.0,1969369.0,55.0,,,02.05.2020
20,451,99,55.0,7,75.0,17.0,10753,1817,1152,433,101,,,,,,,03.05.2020
21,106,61,50.0,6,76.0,20.0,10859,1878,1150,483,107,,,,,,,04.05.2020
22,998,65,,4,76.0,20.0,16679,1943,1297,535,111,975.0,7400712.0,2140597.0,64.0,,,05.05.2020
23,890,86,52.0,7,79.0,18.0,17569,2029,1324,587,118,987.0,7701559.0,2229365.0,45.0,,,06.05.2020
24,1059,117,84.0,7,72.0,11.0,18628,2146,1350,671,125,946.0,7987304.0,2303714.0,51.0,,,07.05.2020
25,1642,99,61.0,12,76.0,12.0,20270,2245,1377,732,137,,,,,,,08.05.2020
26,1543,135,96.0,4,70.0,12.0,21813,2380,1414,826,140,,,,,,,09.05.2020
27,938,102,194.0,3,92.0,17.0,22751,2482,1318,1020,145,,,,,,,10.05.2020
28,1008,91,69.0,5,98.0,19.0,23759,2573,1335,1089,149,939.0,8893882.0,2565520.0,40.0,,,11.05.2020
29,989,164,120.0,7,107.0,25.0,24748,2737,1372,1209,156,936.0,9204682.0,2655763.0,40.0,,,12.05.2020
30,1205,87,168.0,7,115.0,32.0,25953,2824,1284,1377,163,942.0,9527043.0,2749285.0,45.0,,,13.05.2020
31,1414,163,109.0,6,116.0,34.0,27349,2987,1332,1486,169,944.0,9836484.0,2920804.0,51.0,,,14.05.2020
32,1652,106,144.0,5,132.0,33.0,29001,3093,1289,1630,174,934.0,10150240.0,3012049.0,42.0,,,15.05.2020
33,1205,202,68.0,11,149.0,41.0,30224,3295,1412,1698,185,822.0,10448921.0,3097646.0,26.0,,,16.05.2020
34,693,201,53.0,9,141.0,45.0,30917,3496,1551,1751,194,,,,,,,17.05.2020
35,1419,102,49.0,5,148.0,50.0,32336,3598,1599,1800,199,801.0,10728496.0,3177232.0,42.0,,,18.05.2020
36,1459,149,110.0,8,156.0,43.0,33795,3747,1630,1910,207,764.0,10978998.0,3248816.0,20.0,,,19.05.2020
37,1507,152,113.0,14,165.0,43.0,35302,3899,1656,2023,221,731.0,11222312.0,3318942.0,38.0,,,20.05.2020
38,1733,208,159.0,7,169.0,44.0,37035,4107,1698,2182,227,712.0,11460451.0,3387985.0,27.0,,,21.05.2020
39,1735,291,189.0,14,168.0,49.0,38770,4398,1786,2371,241,715.0,11690770.0,3456708.0,39.0,,,22.05.2020
40,1723,205,92.0,7,170.0,42.0,40493,4603,1892,2463,248,1106.0,11696949.0,3458737.0,37.0,,,23.05.2020
41,681,179,77.0,7,176.0,47.0,41174,4782,1977,2550,255,,,,,,,24.05.2020
42,689,399,175.0,10,179.0,44.0,41863,5181,2182,2735,264,669.0,11913350.0,3514618.0,21.0,,,25.05.2020
43,2044,246,140.0,9,176.0,44.0,43907,5427,2279,2875,273,726.0,12146109.0,3583074.0,11.0,,,26.05.2020
44,1360,106,184.0,11,171.0,50.0,45267,5533,2190,3059,284,734.0,12383074.0,3650537.0,24.0,,,27.05.2020
45,1315,318,205.0,10,150.0,49.0,46582,5851,2294,3264,293,551.0,12559845.0,3701113.0,10.0,,,28.05.2020
46,1179,242,186.0,10,166.0,45.0,47761,6093,2340,3450,303,571.0,12738419.0,3751405.0,40.0,,,29.05.2020
47,1200,108,194.0,8,170.0,43.0,48961,6201,2248,3644,309,564.0,12926337.0,3804203.0,9.0,,,30.05.2020
48,359,271,138.0,6,173.0,42.0,49320,6472,2376,3782,314,,,,,,,31.05.2020
49,1597,57,168.0,6,174.0,46.0,50917,6529,2259,3950,320,581.0,13089416.0,3846611.0,42.0,,,1.06.2020
50,1543,266,169.0,25,165.0,35.0,52460,6795,2331,4119,345,536.0,13248025.0,3890928.0,30.0,,,2.06.2020
51,1249,294,229.0,8,165.0,43.0,53709,7089,2389,4348,352,498.0,13374837.0,3925887.0,13.0,,,3.06.2020
52,1441,176,157.0,11,176.0,40.0,55150,7265,2399,4505,361,292.0,13456220.0,3949393.0,4.0,,,4.06.2020
53,1656,182,170.0,9,183.0,45.0,56806,7447,2402,4675,370,571.0,13622530.0,3997089.0,23.0,,,5.06.2020
54,1649,275,259.0,3,195.0,49.0,58455,7722,2413,4934,372,502.0,13778921.0,4042454.0,33.0,,,6.06.2020
55,235,159,85.0,6,209.0,50.0,58690,7881,2484,5019,378,,,,,,,7.06.2020
56,2108,181,166.0,13,204.0,43.0,60798,8062,2486,5185,391,610.0,13962412.0,4095309.0,24.0,,,8.06.2020
57,1697,143,119.0,12,189.0,37.0,62495,8205,2498,5304,403,588.0,14139347.0,4147438.0,39.0,,,9.06.2020
58,1949,304,271.0,3,214.0,43.0,64444,8509,2528,5575,406,576.0,14306079.0,4196226.0,37.0,,,10.06.2020
59,2043,268,207.0,7,216.0,53.0,66487,8777,2582,5782,413,640.0,14497820.0,4251633.0,36.0,,,11.06.2020
60,2249,305,142.0,12,222.0,49.0,68736,9082,2733,5924,425,656.0,14699892.0,4310666.0,36.0,,,12.06.2020
61,2476,254,163.0,14,208.0,47.0,71212,9336,2810,6087,439,642.0,14885765.0,4365798.0,16.0,,,13.06.2020
62,1345,320,123.0,9,203.0,45.0,71425,9656,2998,6210,448,,,,,,,14.06.2020
63,2234,234,236.0,10,230.0,40.0,73659,9890,2986,6446,458,647.0,15080647.0,4423555.0,33.0,,,15.06.2020
64,2547,293,150.0,11,213.0,41.0,76206,10183,3118,6596,469,624.0,15262567.0,4475060.0,35.0,,,16.06.2020
65,2841,460,117.0,12,232.0,44.0,79047,10643,3449,6713,481,589.0,15441369.0,4527088.0,20.0,,,17.06.2020
66,2464,472,193.0,6,245.0,49.0,81511,11115,3772,6906,487,428.0,15554441.0,4561295.0,13.0,,,18.06.2020
67,2676,350,157.0,6,265.0,53.0,84187,11465,3909,7063,493,288.0,15637216.0,4588523.0,25.0,,,19.06.2020
68,2684,389,183.0,11,273.0,52.0,86871,11854,4086,7264,504,229.0,15707144.0,4609215.0,29.0,,,20.06.2020
69,1261,620,171.0,6,290.0,60.0,87179,12474,4529,7435,510,,,,,,,21.06.2020
70,3227,212,255.0,8,280.0,55.0,90406,12686,4496,7672,518,199.0,15758200.0,4625113.0,17.0,,,22.06.2020
71,3402,467,273.0,10,277.0,57.0,93808,13153,4680,7945,528,213.0,15807381.0,4639230.0,20.0,,,23.06.2020
72,3416,501,155.0,17,277.0,56.0,97224,13654,5009,8100,545,209.0,15857567.0,4653418.0,24.0,,,24.06.2020
73,3453,531,202.0,13,316.0,63.0,100677,14185,5325,8302,558,206.0,15904070.0,4666869.0,15.0,,,25.06.2020
74,3378,595,331.0,14,330.0,67.0,104055,14780,5575,8633,572,181.0,15946074.0,4679354.0,28.0,,,26.06.2020
75,3255,822,486.0,19,308.0,65.0,107310,15602,5892,9119,591,194.0,15988158.0,4691526.0,9.0,,,27.06.2020
76,1543,523,328.0,22,324.0,54.0,108003,16125,6065,9447,613,,,,,,,28.06.2020
77,4038,617,482.0,5,333.0,61.0,112041,16742,6195,9929,618,166.0,16016358.0,4700055.0,12.0,,,29.06.2020
78,3949,486,522.0,25,350.0,59.0,115990,17228,6134,10451,643,156.0,16046748.0,4708089.0,,,,30.06.2020
79,4068,877,589.0,19,347.0,55.0,120058,18105,6403,11040,662,226.0,16081138.0,4718642.0,,,,1.07.2020
80,4140,937,631.0,14,344.0,56.0,124198,19402,6695,11671,676,278.0,16118595.0,4730159.0,18.0,,,2.07.2020
81,4250,807,619.0,9,389.0,59.0,128448,19849,6874,12290,685,258.0,16156299.0,4742458.0,8.0,,,3.07.2020
82,3757,819,399.0,18,385.0,56.0,132205,20668,7276,12689,703,265.0,16195728.0,4755129.0,26.0,,,4.07.2020
83,2704,852,420.0,12,410.0,70.0,132816,21520,7696,13109,715,,,,,,,5.07.2020
84,4548,861,630.0,15,368.0,64.0,137364,22381,7912,13739,730,265.0,16195728.0,4755129.0,26.0,,,6.07.2020
85,3853,640,672.0,21,385.0,63.0,141217,23021,7859,14411,751,241.0,16263699.0,4775365.0,11.0,,,7.07.2020
86,4727,1147,587.0,19,401.0,79.0,145944,24168,8400,14998,770,231.0,16296160.0,4785674.0,16.0,,,8.07.2020
87,4684,1006,581.0,16,402.0,75.0,150628,25174,8809,15579,786,219.0,16332444.0,4796686.0,,,,9.07.2020
88,4315,903,609.0,14,443.0,74.0,154943,26077,9089,16188,800,286.0,16375649.0,4808207.0,17.0,,,10.07.2020
89,4398,827,808.0,16,461.0,64.0,159341,26904,9092,16996,816,320.0,16417619.0,4820210.0,54.0,,,11.07.2020
90,1514,621,486.0,24,487.0,72.0,160855,27525,9203,17482,840,,,,,,,12.07.2020
91,5168,832,614.0,9,486.0,74.0,166023,28357,9412,18096,849,361.0,16457998.0,4833046.0,,,,13.07.2020
92,5749,750,728.0,25,513.0,76.0,171772,29107,9409,18824,874,444.0,16513361.0,4849666.0,13.0,,,14.07.2020
93,6343,1416,746.0,15,502.0,76.0,178115,30523,10064,19570,889,491.0,16571294.0,4866489.0,68.0,,,15.07.2020
94,6582,1812,764.0,17,536.0,80.0,184697,31884,10644,20334,906,469.0,16634735.0,4884101.0,58.0,,,16.07.2020
95,6811,1705,773.0,11,527.0,82.0,191508,34040,12016,21107,917,536.0,16707273.0,4904269.0,88.0,,,17.07.2020
96,6891,1838,774.0,18,547.0,89.0,198489,35878,13062,21881,935,542.0,16772366.0,4924652.0,27.0,,,18.07.2020
97,3815,1508,730.0,41,557.0,94.0,202304,37386,13799,22611,976,70.0,16780733.0,4927396.0,2.0,,,19.07.2020
98,6918,1817,830.0,29,591.0,96.0,209222,39203,14757,23441,1005,530.0,16841934.0,4946911.0,,,,20.07.2020
99,6222,1512,805.0,30,616.0,99.0,215444,40715,15434,24246,1035,573.0,16918410.0,4969581.0,30.0,,,21.07.2020
100,7595,1751,883.0,33,609.0,94.0,223039,42466,16269,25129,1068,612.0,16995010.0,4991407.0,48.0,,,22.07.2020
101,6665,1599,779.0,36,589.0,82.0,229704,44065,17053,25908,1104,609.0,17075542.0,5016470.0,45.0,,,23.07.2020
102,5747,1479,817.0,29,663.0,102.0,235451,45544,17686,26725,1133,630.0,17164044.0,5041305.0,49.0,,,24.07.2020
103,6090,1521,693.0,20,673.0,115.0,241541,47065,18494,27418,1153,552.0,17248877.0,5066388.0,30.0,,,25.07.2020
104,2506,992,175.0,13,682.0,105.0,244047,48057,18298,28593,1166,,,,,,,26.07.2020
105,4467,1160,896.0,16,744.0,97.0,248514,49217,18546,29489,1182,609.0,17352357.0,5090627.0,,,,27.07.2020
106,6567,1213,591.0,33,742.0,98.0,255081,50430,19135,30080,1215,648.0,17439433.0,5115824.0,,,,28.07.2020
107,5919,1308,2543.0,39,845.0,99.0,261000,51738,17861,32623,1254,647.0,17527217.0,5142099.0,75.0,,,29.07.2020
108,6241,1699,1315.0,30,927.0,100.0,267241,53437,18215,33938,1284,575.0,17606271.0,5165610.0,21.0,,,30.07.2020
109,6151,818,1185.0,28,626.0,100.0,273392,54255,17820,35123,1312,613.0,17684095.0,5189400.0,24.0,,,31.07.2020
110,5863,1506,1791.0,23,638.0,100.0,279255,55761,17512,36914,1335,638.0,17756739.0,5211336.0,14.0,,,1.08.2020
111,3620,1271,1203.0,31,639.0,97.0,281840,57523,18040,38117,1366,294.0,17807999.0,5226226.0,14.0,,,2.08.2020
112,4604,1270,1822.0,18,633.0,98.0,286444,58304,16981,39939,1384,,,,,,,3.08.2020
113,5595,1192,1312.0,28,656.0,404.0,292039,59496,16833,41251,1412,582.0,17891452.0,5252645.0,19.0,,,4.08.2020
114,5698,1101,1159.0,17,675.0,425.0,297737,60597,16758,42410,1429,589.0,17952148.0,5271567.0,23.0,,,5.08.2020
115,5208,1440,1196.0,27,674.0,425.0,302945,62037,16975,43606,1456,,,,,,,6.08.2020
116,5584,1249,1168.0,23,703.0,439.0,308529,63286,17033,44774,1479,,,,,,,7.08.2020
117,5051,1290,1961.0,37,717.0,443.0,313580,64576,16325,46735,1516,,,,,,,8.08.2020
118,6008,1390,1879.0,24,726.0,448.0,319588,65966,15812,48614,1540,,,,,,,9.08.2020
119,5133,761,1499.0,31,738.0,444.0,324721,66727,15043,50113,1571,,,,,,,10.08.2020
120,5320,924,1240.0,22,735.0,443.0,330041,67651,14705,51353,1593,530.0,18243953.0,5354905.0,20.0,,,11.08.2020
121,6213,1584,1449.0,28,735.0,445.0,336254,69236,14812,52802,1621,463.0,18291181.0,5368233.0,32.0,,,12.08.2020
122,6335,1091,1156.0,35,737.0,448.0,342589,70326,14712,53958,1656,458.0,18339625.0,5383022.0,25.0,,,13.08.2020
123,5673,1177,1142.0,27,750.0,467.0,348262,71503,14720,55100,1683,443.0,18396832.0,5398828.0,26.0,,,14.08.2020
124,5840,1073,1145.0,27,760.0,466.0,354102,72576,14621,56245,1710,458.0,18339625.0,5383022.0,25.0,,,15.08.2020
125,5707,1522,1412.0,29,760.0,462.0,359809,74098,14702,57657,1739,,,,,,,16.08.2020
126,4635,835,1049.0,46,765.0,464.0,364444,74993,14442,58706,1785,453.0,18496341.0,5432100.0,13.0,,,17.08.2020
127,5947,1224,1168.0,29,760.0,463.0,370391,76157,14469,59874,1814,440.0,18550103.0,5450276.0,23.0,,,18.08.2020
128,6690,1211,1089.0,35,815.0,483.0,377081,77368,14556,60963,1849,449.0,18606554.0,5469315.0,43.0,,,19.08.2020
129,6747,1669,1386.0,33,802.0,486.0,383828,79037,14806,62349,1882,456.0,18666239.0,5487285.0,11.0,,,20.08.2020
130,7208,1556,1570.0,35,793.0,483.0,391036,80593,14757,63919,1917,468.0,18721219.0,5507134.0,19.0,,,21.08.2020
131,6891,1577,1427.0,33,804.0,488.0,397927,82170,14874,65346,1950,,,,,,,22.08.2020
132,4868,1225,1243.0,38,803.0,493.0,402795,83395,14818,66589,1988,318.0,18745112.0,5518613.0,8.0,,,23.08.2020
133,5129,1101,1188.0,45,802.0,487.0,407924,84496,14686,67777,2033,426.0,18805573.0,5538733.0,11.0,,,24.08.2020
134,6370,1204,1123.0,44,796.0,483.0,414294,85700,14723,68900,2077,487.0,18860065.0,5562103.0,9.0,,,25.08.2020
135,6164,1617,1369.0,31,812.0,492.0,420458,87317,14940,70269,2108,474.0,18922309.0,5582937.0,11.0,,,26.08.2020
136,6092,1773,1680.0,38,818.0,496.0,426550,89090,14995,71949,2146,464.0,18978858.0,5602167.0,,,,27.08.2020
137,6449,1781,1578.0,40,827.0,498.0,432999,90871,15158,73527,2168,426.0,19021470.0,5617536.0,24.0,,,28.08.2020
138,7047,1968,1657.0,46,834.0,506.0,440046,92839,15423,75184,2232,472.0,19078390.0,5636834.0,13.0,,,29.08.2020
139,5713,1658,1502.0,35,833.0,507.0,445759,94497,15544,76686,2267,,,,,,,30.08.2020
140,2847,876,1384.0,37,884.0,527.0,451053,95373,14999,78070,2304,462.0,19133020.0,5655700.0,15.0,,,31.08.2020
141,6753,1695,1419.0,28,890.0,529.0,457806,97068,15247,79489,2332,,,,,,,1.09.2020
142,6215,1627,1408.0,43,1040.0,530.0,464021,98695,15423,80897,2375,476.0,19187462.0,5674690.0,18.0,,,2.09.2020
143,6734,1764,1188.0,26,885.0,530.0,470755,100459,15973,82085,2401,470.0,19238992.0,5692410.0,21.0,,,3.09.2020
144,6723,1617,1830.0,30,891.0,529.0,477478,102076,15730,83915,2431,430.0,19289373.0,5710223.0,15.0,,,4.09.2020
145,6704,1736,1456.0,37,910.0,529.0,484182,103812,15973,85371,2468,473.0,19352873.0,5731939.0,16.0,,,5.09.2020
146,7235,3002,1569.0,44,910.0,478.0,491417,105905,16453,86940,2512,,,,,,,6.09.2020
147,3354,1144,1639.0,37,912.0,480.0,494771,107958,16830,88579,2549,478.0,19424644.0,5755155.0,12.0,,,7.09.2020
148,5486,1880,2022.0,35,912.0,480.0,500257,109838,16653,90601,2584,502.0,19494486.0,5778722.0,18.0,,,8.09.2020
149,7609,2078,2013.0,41,927.0,483.0,507866,111916,16677,92614,2625,500.0,19563344.0,5801579.0,20.0,,,9.09.2020
150,6795,1916,1838.0,43,940.0,485.0,514661,113832,16712,94452,2668,519.0,19631229.0,5825151.0,18.0,6915.0,9797.0,10.09.2020
151,6588,1938,1573.0,38,917.0,470.0,521249,115770,17039,96025,2706,541.0,19695290.0,5847229.0,19.0,6523.0,10516.0,11.09.2020
152,6626,1909,1464.0,42,910.0,473.0,527875,117679,17442,97489,2748,522.0,19777847.0,5869355.0,,6897.0,10545.0,12.09.2020
153,6770,1978,1587.0,45,910.0,440.0,534645,119657,17788,99076,2793,,,,,,,13.09.2020
154,2807,867,1456.0,39,928.0,479.0,537452,120757,17393,100532,2832,349.0,19834500.0,5888900.0,11.0,6837.0,10556.0,14.09.2020
155,5494,1691,1563.0,43,929.0,473.0,542946,122448,17478,102095,2875,930.0,19915535.0,5912311.0,927.0,6886.0,10592.0,15.09.2020
156,7162,2120,1883.0,43,936.0,480.0,550108,124568,17672,103978,2918,768.0,20029671.0,5946342.0,694.0,6970.0,10702.0,16.09.2020
157,6549,1964,2219.0,45,939.0,479.0,556657,126532,17372,106197,2963,800.0,20141940.0,5980586.0,623.0,6765.0,10607.0,17.09.2020
158,6289,1891,1926.0,44,961.0,493.0,562946,128423,17293,108123,3007,813.0,20256835.0,6017868.0,540.0,6693.0,10600.0,18.09.2020
159,5919,1658,1248.0,39,957.0,495.0,568865,130081,17664,109371,3046,823.0,20368410.0,6055111.0,594.0,,,19.09.2020
160,6067,1787,1545.0,38,961.0,494.0,574932,131781,17781,110916,3084,,,,,6722.0,11059.0,20.09.2020
161,2697,884,1256.0,37,952.0,492.0,577629,132665,17372,112172,3171,758.0,20461365.0,6084843.0,418.0,,,21.09.2020
162,5215,1364,1614.0,46,957.0,492.0,582344,134029,17076,113786,3167,827.0,20566540.0,6119282.0,411.0,6295.0,10781.0,22.09.2020
163,6463,1789,1512.0,46,952.0,496.0,589307,135818,17037,115298,3213,835.0,20677300.0,6156771.0,442.0,6526.0,10781.0,23.09.2020
164,5642,1512,1328.0,42,957.0,499.0,594949,137330,17449,116626,3255,863.0,20784190.0,6193534.0,373.0,6547.0,10902.0,24.09.2020
165,6142,1621,1256.0,41,949.0,523.0,601091,138951,17773,117882,3296,899.0,20897671.0,6232989.0,432.0,6646.0,11127.0,25.09.2020
166,5503,1637,1695.0,36,932.0,514.0,606594,140588,17679,119577,3332,887.0,21017470.0,6274423.0,416.0,,,26.09.2020
167,5614,1548,1599.0,41,940.0,520.0,612208,142136,17587,121176,2273,,,,,6453.0,11134.0,27.09.2020
168,3212,779,1105.0,33,943.0,520.0,615420,142915,17228,122281,3406,878.0,21154867.0,6320900.0,410.0,6280.0,10948.0,28.09.2020
169,5678,1040,1548.0,40,938.0,519.0,621098,143955,16680,123829,3446,904.0,21296015.0,6364243.0,398.0,6170.0,10510.0,29.09.2020
170,6256,1336,1431.0,40,932.0,516.0,627354,145291,16545,125260,3486,950.0,21471586.0,6414313.0,340.0,6079.0,10466.0,30.09.2020
171,5260,1036,1170.0,42,913.0,512.0,632614,146327,16369,126430,3528,995.0,21665616.0,6471320.0,359.0,5936.0,10433.0,1.10.2020
172,5724,1024,1209.0,43,910.0,508.0,638338,147351,16141,127639,3571,1026.0,21849695.0,6526256.0,259.0,5909.0,10232.0,2.10.2020
173,4682,1055,1286.0,38,895.0,505.0,643020,148406,15872,128925,3609,1032.0,22045229.0,6587610.0,181.0,5849.0,10023.0,3.10.2020
174,4580,993,1428.0,38,899.0,504.0,647600,149399,15399,130353,3647,1026.0,22232446.0,6649502.0,147.0,5206.0,10193.0,4.10.2020
175,1839,391,917.0,32,905.0,507.0,649439,149790,14841,131270,3679,1084.0,22407901.0,6703312.0,217.0,5093.0,9748.0,5.10.2020
176,4334,643,1270.0,30,925.0,428.0,653773,150433,14184,132540,3709,1051.0,22590136.0,6756760.0,296.0,4821.0,9363.0,6.10.2020
177,5438,969,1060.0,22,908.0,493.0,659211,151402,14071,133600,3731,1049.0,22712823.0,6795477.0,136.0,4702.0,9368.0,7.10.2020
178,4932,798,805.0,32,869.0,496.0,664143,152200,14032,134405,3763,1058.0,22827508.0,6831606.0,156.0,4585.0,9447.0,8.10.2020
179,4788,697,970.0,23,859.0,493.0,668931,152897,13736,135375,3786,827.0,22927437.0,6865330.0,133.0,4423.0,9313.0,9.10.2020
180,4231,703,1117.0,22,772.0,437.0,673162,153600,13300,136492,3808,522.0,23040037.0,6893152.0,,4319.0,8981.0,10.10.2020
181,4269,630,1010.0,22,858.0,453.0,677431,154230,12898,137502,3830,,,,,4213.0,8685.0,11.10.2020
182,1920,351,950.0,14,856.0,456.0,679351,154581,12285,138452,3844,,,,,,,12.10.2020
183,4090,486,998.0,27,833.0,450.0,683441,155067,11746,139450,3871,,,,,3353.0,8245.0,13.10.2020
184,4495,528,1413.0,28,839.0,453.0,687936,155595,10833,140863,3899,,,,,,,14.10.2020
185,4220,549,825.0,21,835.0,450.0,692156,156144,10536,141688,3920,,,,,3069.0,7467.0,15.10.2020
186,3393,489,681.0,21,838.0,446.0,695549,156633,10323,142369,3941,,,,,2971.0,7352.0,16.10.2020
187,3509,418,860.0,23,827.0,441.0,699058,157051,9858,143229,3964,,,,,,,17.10.2020
188,3066,366,698.0,19,821.0,438.0,702124,157417,9507,143927,3983,,,,,2567.0,6940.0,18.10.2020
189,1497,214,505.0,18,799.0,434.0,703621,157631,9198,144432,4001,,,,,2391.0,6807.0,19.10.2020
190,2809,328,904.0,21,779.0,425.0,706430,157959,8601,145336,4022,,,,,2140.0,6461.0,20.10.2020
191,3581,428,758.0,23,750.0,412.0,710011,158387,8248,146094,4045,,,,,2041.0,6207.0,21.10.2020
192,3518,369,818.0,21,708.0,384.0,713529,158756,7778,146912,4066,,,,,1922.0,5856.0,22.10.2020
193,3457,321,730.0,20,684.0,364.0,716986,159077,7349,147642,4086,,,,,1752.0,5597.0,23.10.2020
194,2883,329,774.0,19,685.0,366.0,719869,159406,6885,148416,4105,,,,,,,24.10.2020
195,2516,292,454.0,17,668.0,363.0,722385,159698,6706,148870,4122,,,,,1503.0,5203.0,25.10.2020
196,1027,147,410.0,19,639.0,356.0,723412,159845,6424,149280,4141,,,,,,,26.10.2020
197,2331,241,639.0,22,620.0,346.0,725743,160086,6004,149919,4163,,,,,1276.0,4728.0,27.10.2020
198,3035,288,441.0,17,605.0,338.0,728778,160374,5834,150360,4180,,,,,,,28.10.2020
199,2604,303,463.0,15,581.0,332.0,731382,160677,5659,150823,4195,,,,,1164.0,4495.0,29.10.2020
200,2970,284,322.0,16,584.0,333.0,734352,160961,5605,151145,4211,,,,,1141.0,4464.0,30.10.2020
201,2526,373,350.0,16,576.0,331.0,736878,161334,5612,151495,4227,,,,,1110.0,4502.0,31.10.2020
202,2587,377,240.0,17,579.0,335.0,739465,161711,5732,151735,4244,,,,,1052.0,4680.0,1.11.2020
203,1176,133,154.0,15,546.0,324.0,740641,161844,5696,151889,4259,,,,,1007.0,4689.0,2.11.2020
204,2327,247,280.0,16,528.0,316.0,742968,162091,5647,152169,4275,,,,,880.0,4767.0,3.11.2020
205,3053,328,316.0,18,494.0,290.0,746021,162419,5641,152485,4293,,,,,,,4.11.2020
206,2372,228,356.0,16,481.0,275.0,748393,162647,5497,152841,4309,,,,,,,5.11.2020
207,2019,241,298.0,12,365.0,230.0,750412,162888,5428,153139,4321,,,,,661.0,4767.0,6.11.2020
208,2469,169,392.0,10,399.0,259.0,752881,163057,5195,153531,4331,,,,,579.0,4616.0,7.11.2020
209,2421,217,259.0,7,396.0,260.0,755302,163274,5146,153790,4338,,,,,,,8.11.2020
210,1192,160,338.0,10,387.0,255.0,756494,163434,4958,154128,4348,,,,,387.0,4571.0,9.11.2020
211,2229,185,357.0,4,378.0,239.0,758723,163619,4782,154485,4352,,,,,332.0,4450.0,10.11.2020
212,2676,217,380.0,8,359.0,233.0,761399,163836,4611,154865,4360,,,,,311.0,4300.0,11.11.2020
213,2549,279,360.0,8,356.0,234.0,763948,164115,4522,155225,4368,,,,,349.0,4173.0,12.11.2020
214,2064,226,367.0,5,354.0,232.0,766012,164341,4376,155592,4373,,,,,321.0,4055.0,13.11.2020
215,1824,248,326.0,8,358.0,231.0,767836,164589,4381,155918,4381,,,,,449.0,3932.0,14.11.2020
216,1111,153,222.0,4,360.0,231.0,768947,164742,4217,156140,4385,,,,,315.0,3902.0,15.11.2020
217,1032,137,221.0,4,370.0,240.0,769979,164879,4129,156361,4389,,,,,251.0,3878.0,16.11.2020
218,1157,163,110.0,6,383.0,253.0,771136,165042,4176,156471,4395,,,,,250.0,3926.0,17.11.2020
219,2743,384,168.0,6,392.0,260.0,773879,165426,4290,156639,4401,,,,,265.0,4120.0,18.11.2020
220,3329,411,316.0,6,385.0,250.0,777208,165837,4475,156955,4407,,,,,130.0,4345.0,19.11.2020
221,4172,372,209.0,10,378.0,240.0,781380,166209,4628,157164,4417,,,,,283.0,4345.0,20.11.2020
222,4396,443,246.0,4,395.0,247.0,785766,166652,4821,157410,4421,,,,,319.0,4502.0,21.11.2020
223,4546,330,245.0,5,390.0,232.0,790322,166982,4901,157655,4426,,,,,399.0,4502.0,22.11.2020
224,2196,206,181.0,9,422.0,255.0,792518,167188,4917,157836,4435,,,,,415.0,4391.0,23.11.2020
225,3053,416,218.0,5,419.0,252.0,795571,167604,5110,158054,4440,,,,,562.0,4548.0,24.11.2020
226,4655,426,258.0,6,409.0,247.0,800226,168030,5272,158312,4446,,,,,724.0,4548.0,25.11.2020
227,3645,430,382.0,3,403.0,248.0,803871,168460,5317,158694,4449,,,,,338.0,4979.0,26.11.2020
228,4777,406,320.0,2,413.0,249.0,808648,168866,5401,159014,4451,,,,,422.0,4979.0,27.11.2020
229,4535,528,415.0,7,400.0,248.0,813183,169394,5507,159429,4458,,,,,225.0,5282.0,28.11.2020
230,3969,400,360.0,3,409.0,245.0,817152,169794,5544,159789,4461,,,,,224.0,5320.0,29.11.2020
231,2149,185,356.0,3,416.0,253.0,819301,169979,5370,160145,4464,,,,,121.0,5249.0,30.11.2020
232,2951,371,342.0,3,408.0,242.0,822252,170350,5396,160487,4467,,,,,480.0,4916.0,1.12.2020
233,4150,347,345.0,4,408.0,246.0,826402,170697,5394,160832,4471,,,,,281.0,5113.0,2.12.2020
234,3465,355,378.0,7,422.0,255.0,829867,171052,5364,161210,4478,,,,,256.0,5108.0,3.12.2020
235,3863,366,346.0,4,429.0,254.0,833730,171418,5380,161556,4482,,,,,271.0,5109.0,4.12.2020
236,3736,351,423.0,4,425.0,250.0,837466,171769,5304,161979,4486,,,,,226.0,5078.0,5.12.2020
237,3496,309,444.0,7,422.0,252.0,840962,172078,5162,162423,4493,,,,,154.0,5008.0,6.12.2020
238,1911,202,336.0,9,414.0,253.0,842873,172280,5019,162759,4502,,,,,161.0,4858.0,7.12.2020
239,2425,279,220.0,8,412.0,247.0,845298,172559,5070,162979,4510,,,,,219.0,4851.0,8.12.2020
240,3708,338,317.0,4,411.0,245.0,849006,172897,5087,163296,4514,,,,,206.0,4881.0,9.12.2020
241,3795,258,255.0,8,413.0,237.0,852801,173155,5082,163551,4522,,,,,215.0,4867.0,10.12.2020
242,3794,247,228.0,8,382.0,220.0,856595,173402,5093,163779,4530,,,,,226.0,4867.0,11.12.2020
243,3771,317,254.0,6,383.0,228.0,860366,173719,5150,164033,4536,,,,,271.0,4879.0,12.12.2020
244,4014,294,317.0,2,387.0,224.0,864380,174013,5125,164350,4538,,,,,223.0,4902.0,13.12.2020
245,1921,196,257.0,5,386.0,224.0,866301,174209,5059,164607,4543,,,,,157.0,4902.0,14.12.2020
246,2278,243,346.0,6,373.0,224.0,868579,174452,4950,164953,4549,,,,,157.0,4793.0,15.12.2020
247,3699,302,293.0,7,374.0,222.0,872278,174754,4952,165246,4556,,,,,107.0,4845.0,16.12.2020
248,3270,363,268.0,3,373.0,226.0,875548,175117,5044,165514,4559,,,,,199.0,4845.0,17.12.2020
249,3658,298,276.0,5,379.0,231.0,879206,175415,5061,165790,4564,,,,,153.0,4908.0,18.12.2020
250,2929,328,279.0,8,388.0,237.0,882135,175743,5102,166069,4572,,,,,194.0,4908.0,19.12.2020
251,2809,322,228.0,5,388.0,235.0,884944,176065,5191,166297,4577,,,,,179.0,5012.0,20.12.2020
252,1862,163,252.0,4,390.0,226.0,886806,176228,5098,166549,4581,,,,,94.0,5004.0,21.12.2020
253,2540,234,306.0,6,391.0,226.0,889346,176462,5020,166855,4587,,,,,59.0,4961.0,22.12.2020
254,3447,307,451.0,1,385.0,225.0,892793,176769,4875,167306,4588,,,,,59.0,4816.0,23.12.2020
255,3109,278,481.0,4,383.0,224.0,895902,177047,4668,167787,4592,,,,,128.0,4540.0,24.12.2020
256,3103,311,493.0,5,387.0,226.0,899005,177358,4481,168280,4597,,,,,239.0,,25.12.2020
257,2801,222,412.0,7,389.0,229.0,901806,177580,4284,168692,4604,,,,,289.0,3995.0,26.12.2020
258,2883,292,470.0,9,387.0,226.0,904689,177872,4097,169162,4613,,,,,301.0,3796.0,27.12.2020
259,2284,148,409.0,4,333.0,207.0,906973,178020,3832,169571,4617,,,,,289.0,3543.0,28.12.2020
260,2380,238,480.0,6,313.0,169.0,909353,178258,3584,170051,4623,,,,,328.0,3256.0,29.12.2020
261,4023,282,349.0,3,242.0,145.0,913376,178540,3514,170400,4626,,,,,347.0,3167.0,30.12.2020
262,3819,229,421.0,5,246.0,152.0,917195,178769,3317,170821,4631,,,,,260.0,3057.0,31.12.2020
263,4140,302,324.0,1,250.0,160.0,921335,179071,3294,171145,4632,,,,,452.0,2842.0,1.1.2021
264,3844,237,477.0,8,257.0,165.0,925179,179308,3046,171622,4640,,,,,489.0,2557.0,2.1.2021
265,4082,290,420.0,7,250.0,155.0,929261,179598,2909,172042,4647,,,,,536.0,2372.0,3.1.2021
266,2901,135,202.0,5,202.0,,932162,179733,2837,172244,4652,,,,,661.0,2176.0,4.1.2021
267,3398,233,343.0,2,222.0,,935560,179966,2725,172587,4654,,,,,746.0,1979.0,5.1.2021
268,5414,321,353.0,6,230.0,,940974,180287,2687,172940,4660,,,,,942.0,1745.0,6.1.2021
269,5043,202,393.0,3,202.0,,946017,180674,2678,173333,4663,,,,,917.0,1761.0,7.1.2021
270,4555,291,249.0,5,196.0,,950572,180965,2715,173582,4668,,,,,930.0,1785.0,8.1.2021
271,4480,282,347.0,4,210.0,,955052,181247,2646,173929,4672,,,,,909.0,1737.0,9.1.2021
272,3954,264,214.0,7,208.0,,959006,181511,2689,174143,4679,,,,,921.0,1768.0,10.1.2021
273,2543,140,144.0,3,213.0,,961549,181651,2682,174287,4853,,,,,1036.0,1646.0,11.1.2021
274,2660,224,241.0,4,216.0,,964209,181875,2661,174528,4686,,,,,857.0,1804.0,12.1.2021
275,3907,314,246.0,4,212.0,,968116,182189,2725,174774,4690,,,,,1032.0,1693.0,13.1.2021
276,3591,259,380.0,3,208.0,,971707,182448,2601,175154,4693,,,,,1064.0,1537.0,14.1.2021
277,3161,261,240.0,3,206.0,,974868,182709,2619,175394,4696,,,,,,,15.1.2021
278,3049,192,234.0,4,201.0,,977917,182901,2573,175628,4700,,,,,1009.0,1564.0,16.1.2021
279,3205,273,345.0,3,206.0,,981122,183174,2498,175973,4703,,,,,2498.0,,17.1.2021
280,2042,121,151.0,6,206.0,,983164,183295,2462,176124,4709,,,,,1009.0,1453.0,18.1.2021
281,2340,182,335.0,5,203.0,,985504,183477,2304,176459,4714,,,,,1009.0,1295.0,19.1.2021
282,3852,310,353.0,6,206.0,,989356,183787,2255,176812,4720,,,,,,,20.1.2021
283,3487,227,304.0,5,205.0,,992843,184014,2173,177116,4725,,,,,1009.0,1246.0,21.1.2021
284,3428,232,290.0,4,206.0,,996271,184246,2111,177406,4729,,,,,897.0,1214.0,22.1.2021
285,3742,228,258.0,6,204.0,,1000013,184474,2075,177664,4735,,,,,914.0,1161.0,23.1.2021
286,3836,208,229.0,3,206.0,,1003849,184632,2051,177893,4738,,,,,,,24.1.2021
287,2385,98,123.0,1,205.0,,1006234,184780,2025,178016,4739,,,,,1009.0,1016.0,25.1.2021
288,2402,225,258.0,3,206.0,,1008636,185005,1989,178274,4742,,,,,1009.0,980.0,26.1.2021
289,3071,128,168.0,2,202.0,,1011707,185133,1947,178442,4744,,,,,,,27.1.2021
290,3634,224,149.0,4,206.0,,1015341,185357,2018,178591,4748,,,,,1051.0,967.0,28.1.2021
291,4395,201,204.0,5,204.0,,1019736,185558,2010,178795,4753,,,,,1019.0,991.0,29.1.2021
292,4152,172,181.0,6,202.0,,1023888,185730,1995,178976,4759,,,,,903.0,1092.0,30.1.2021
293,4115,192,238.0,5,201.0,,1028003,185922,1944,179214,4764,,,,,1004.0,940.0,31.1.2021
294,2431,102,236.0,2,156.0,,1030434,186024,1808,179450,4766,,,,,878.0,930.0,1.2.2021
295,2692,176,247.0,2,155.0,,1033126,192181,1735,185678,4768,,,,,,,2.2.2021
296,4053,198,306.0,1,109.0,,1037179,192379,1626,185984,4769,,,,,885.0,741.0,3.2.2021
297,3886,228,328.0,3,109.0,,1041065,192607,1523,186312,4772,,,,,831.0,692.0,4.2.2021
298,3357,195,224.0,2,110.0,,1044422,192802,1492,186536,4774,,,,,840.0,652.0,5.2.2021
299,3239,180,265.0,0,112.0,,1047661,192982,1407,186801,4774,,,,,794.0,613.0,6.2.2021
300,2906,196,219.0,1,110.0,,1050567,193178,1383,187020,4775,,,,,815.0,568.0,7.2.2021
301,1945,162,145.0,4,113.0,,1052512,193340,1396,187165,4779,,,,,805.0,591.0,8.2.2021
302,2232,216,197.0,4,120.0,,1054744,193556,1411,187362,4783,,,,,773.0,638.0,9.2.2021
303,3344,239,170.0,5,131.0,,1058088,193795,1475,187532,4788,,,,,,,10.2.2021
304,3230,256,113.0,1,134.0,,1061318,194051,1617,187645,4789,,,,,812.0,805.0,11.2.2021
305,3382,258,350.0,5,135.0,,1064700,194309,1520,187995,4794,,,,,829.0,691.0,12.2.2021
306,3607,331,291.0,2,142.0,,1068307,194640,1558,188286,4796,,,,,829.0,729.0,13.2.2021
307,3508,354,248.0,3,145.0,,1071815,194994,1661,188534,4799,,,,,863.0,798.0,14.2.2021
308,2376,193,169.0,2,151.0,,1074191,195187,1683,188703,4801,,,,,902.0,781.0,15.2.2021
309,2620,309,272.0,1,142.0,,1076811,195496,1719,188975,4802,,,,,,,16.2.2021
310,4304,428,262.0,4,145.0,,1081115,195924,1881,189237,4806,,,,,991.0,890.0,17.2.2021
311,4424,465,184.0,6,154.0,,1085539,196389,2156,189421,4812,,,,,1070.0,1086.0,18.2.2021
312,4254,527,280.0,4,159.0,,1089793,196916,2399,189701,4816,,,,,1132.0,1267.0,19.2.2021
313,4634,414,247.0,5,160.0,,1094427,197330,2561,189948,4821,,,,,1195.0,1366.0,20.2.2021
314,4707,634,294.0,5,164.0,,1099134,197964,2896,190242,4826,,,,,1284.0,1612.0,21.2.2021
315,4414,328,318.0,4,172.0,,1103548,198292,2902,190560,4830,,,,,1384.0,1518.0,22.2.2021
316,4606,661,358.0,4,201.0,,1108154,198953,3201,190918,4834,,,,,1453.0,1748.0,23.2.2021
317,6514,743,2382.0,3,207.0,,1114668,199696,3559,191300,4837,,,,,1984.0,1575.0,24.2.2021
318,6556,766,391.0,4,231.0,,1121224,200462,3930,191691,4841,,,,,2056.0,1874.0,25.2.2021
319,7108,727,398.0,6,245.0,,1128332,201189,4253,192089,4847,,,,,2089.0,2164.0,26.2.2021
320,8041,739,412.0,6,260.0,,1136373,201928,4574,192501,4853,,,,,2104.0,2470.0,27.2.2021
321,7473,774,427.0,2,261.0,,1143846,202702,4919,192928,4855,,,,,2449.0,2470.0,28.2.2021
322,4815,406,415.0,4,262.0,,1148661,203108,4906,193343,4859,,,,,1990.0,2913.0,1.3.2021
323,6124,688,498.0,5,278.0,,1154785,203796,5091,193841,4864,,,,,2428.0,2663.0,2.3.2021
324,8013,853,388.0,5,281.0,,1162798,204649,5551,194229,4869,,,,,2428.0,3123.0,3.3.2021
325,7585,904,562.0,7,294.0,,1170383,205553,5886,194791,4876,,,,,2491.0,3395.0,4.3.2021
326,7267,830,551.0,5,300.0,,1177650,206383,6160,195342,4881,,,,,2491.0,3669.0,5.3.2021
327,7609,963,659.0,4,321.0,,1185259,207346,6460,196001,4885,,,,,2506.0,3954.0,6.3.2021
328,6743,984,750.0,5,341.0,,1192002,208330,6689,196751,4890,,,,,2589.0,4100.0,7.3.2021
329,6534,753,700.0,7,358.0,,1198536,209083,6735,196751,4897,,,,,2551.0,4184.0,8.3.2021
330,6090,1086,795.0,6,321.0,,1204626,210169,7020,198246,4903,,,,,2608.0,4412.0,9.3.2021
331,7721,1352,646.0,7,364.0,,1212347,211521,7719,198892,4910,,,,,3010.0,4709.0,10.3.2021
332,8553,1504,675.0,7,357.0,,1220900,213025,8541,199567,4917,,,,,3550.0,4991.0,11.3.2021
333,8602,1805,598.0,8,341.0,,1229502,214830,9740,200165,4925,,,,,2922.0,6818.0,12.3.2021
334,9762,1633,638.0,12,351.0,,1239264,216463,10723,200803,4937,,,,,4020.0,6703.0,13.3.2021
335,9122,1740,858.0,15,355.0,,1248396,218203,11590,201661,4952,,,,,4667.0,6923.0,14.3.2021
336,7266,1082,678.0,10,370.0,,1255652,219285,11984,202339,4962,,,,,5112.0,6872.0,15.3.2021
337,8044,1925,677.0,7,394.0,,1263696,221210,13225,203016,4969,,,,,3328.0,9897.0,16.3.2021
338,11230,2587,769.0,11,425.0,,1274926,223797,15032,203785,4980,,,,,3928.0,11104.0,17.3.2021
339,11835,2752,885.0,22,440.0,,1286761,226549,16877,204670,5002,,,,,4789.0,12088.0,18.3.2021
340,12625,2834,499.0,15,499.0,,1299386,229383,18888,205478,5017,,,,,3705.0,15183.0,19.3.2021
341,14484,3111,1094.0,16,538.0,,1313870,232494,20889,206572,5033,,,,,9679.0,11210.0,20.3.2021
342,12929,2900,1245.0,20,519.0,,1326799,235394,22524,207817,5053,,,,,9790.0,12734.0,21.3.2021
343,11890,2342,1789.0,15,524.0,,1338689,237736,23062,209606,5068,,,,,2942.0,20120.0,22.3.2021
344,11310,3098,1698.0,22,555.0,,1349999,240834,24440,211304,5090,,,,,3002.0,21438.0,23.3.2021
345,16185,3509,1410.0,24,589.0,,1366184,244343,26515,212714,5114,,,,,3004.0,23511.0,24.3.2021
346,16578,3286,1200.0,23,599.0,,1382762,247629,28578,213914,5137,,,,,3122.0,25456.0,25.3.2021
347,16799,3594,2165.0,24,612.0,,1399561,251223,29983,216079,5161,,,,,3365.0,26618.0,26.3.2021
348,17633,3463,2584.0,30,621.0,,1417194,254686,30832,218663,5191,,,,,3503.0,27329.0,27.3.2021
349,16804,4426,2107.0,28,645.0,,1433998,259112,33123,220770,5219,,,,,3217.0,29906.0,28.3.2021
350,15153,2547,2771.0,24,674.0,,1449151,261659,32875,223541,5243,,,,,4343.0,28532.0,29.3.2021
351,13436,3226,3268.0,27,725.0,,1462587,264885,32806,226809,5270,,,,,4849.0,27957.0,30.3.2021
352,16446,4458,3374.0,32,799.0,,1479033,269343,33858,230183,5302,,,,,5811.0,28047.0,31.3.2021
353,20681,4103,2077.0,35,825.0,,1499714,273446,35849,232260,5337,,,,,5439.0,30410.0,1.4.2021
354,20073,4653,3337.0,39,475.0,,1519787,278099,37126,235597,5376,,,,,5554.0,31572.0,2.4.2021
355,20066,5720,3293.0,35,837.0,,1539853,283819,39518,238890,5411,,,,,5669.0,33849.0,3.4.2021
356,17774,6225,3762.0,41,901.0,,1557627,290044,41940,242652,5452,,,,,6145.0,35795.0,4.4.2021
357,18720,4077,3240.0,36,919.0,,1576347,294121,42741,245892,5488,,,,,6269.0,36472.0,5.4.2021
358,17389,5600,3481.0,38,915.0,,1593736,299721,44822,249373,5526,,,,,6421.0,38401.0,6.4.2021
359,26120,5651,4361.0,41,957.0,,1619856,305372,46071,253734,5567,,,,,6556.0,39515.0,7.4.2021
360,23595,7010,4099.0,43,999.0,,1643451,312382,48939,257833,5610,,,,,7168.0,41771.0,8.4.2021
361,27986,5647,4587.0,44,1003.0,,1671437,318029,49955,262420,5654,,,,,7471.0,42484.0,9.4.2021
362,25504,4953,4389.0,46,1014.0,,1696941,322982,50473,266809,5700,,,,,7476.0,42997.0,10.4.2021
363,24773,6679,4628.0,48,1045.0,,1721714,329661,52476,271437,5748,,,,,7822.0,44654.0,11.4.2021
364,22466,4849,3896.0,53,1050.0,,1744180,334510,53376,275333,5801,,,,,7977.0,45399.0,12.4.2021
365,21166,5313,4573.0,55,1086.0,,1765346,339823,54061,279906,5856,,,,,8033.0,46028.0,13.4.2021
